group_id,label,orbital_period_days,eccentricity,arg_periastron_deg,impact_parameter,transit_duration_hours,transit_depth,radius_ratio_rp_rs,inclination_deg,a_over_rs,planet_radius_rearth,semi_major_axis_au,equilibrium_temp_k,insolation_earth,stellar_teff_k,stellar_logg_cgs,stellar_metallicity_dex,stellar_radius_rsun,stellar_mass_msun,stellar_age_gyr
EPIC 201111557.01,CANDIDATE,2.30183,,,0.42,1.9008,2.268,0.0144,,11.8,1.12,,1054.0,,4616.52,4.53679,-0.03,0.762602,0.73,
EPIC 201126503.01,CANDIDATE,1.1947488,,,0.0,1.93,0.448,0.06005,,,4.19,,,,3919.0,,,0.57,,
EPIC 201127519.01,CANDIDATE,6.17887,,,0.17,2.5008,1.303,0.1058,,18.1,8.84,,772.0,,4719.28,4.45833,0.213,0.849432,0.756,
EPIC 201147085.01,CANDIDATE,1.17589,,,,1.248,0.0686,0.0254,,6.3,0.86,,,,,,,0.309,,
EPIC 201152065.01,CANDIDATE,10.6966,,,,3.24,0.0557,0.0226,,21.9,1.45,,,,,,,0.588,,
EPIC 201160662.01,CANDIDATE,1.5374115,,,,2.3808,1.4564,0.259,,3.59,45.0,,,,,,,1.599,,
EPIC 201164625.01,CANDIDATE,2.71189,,,0.43,3.1008,0.02,0.0121,,5.5,4.34,,2336.0,,6402.0,3.54386,,3.16745,1.28,
EPIC 201166680.01,CANDIDATE,18.10549,,,,,,0.015719,88.94517,26.263676,2.09985108,,,,6213.0,4.32,0.14,1.224685,,
EPIC 201176672.01,CANDIDATE,79.9999,,,,11.7504,,0.18,,,10.2,,,,4542.0,4.747,,0.508,,
EPIC 201176672.02,CANDIDATE,,,,,14.472,3.06,0.39,,,30.0,,,,,,,0.707,,
EPIC 201180665.01,CANDIDATE,17.77297,,,0.68,2.8992,3.662,0.1892,,33.3,26.44,,830.0,,5847.0,4.26659,,1.25428,1.06,
EPIC 201182911.01,CANDIDATE,0.99656225,,,0.53,2.26,35.5,0.6256,,,32.8,,,,3727.0,,,0.5,,
EPIC 201197348.01,CANDIDATE,14.9139,,,,3.264,0.24,0.046,,32.6,3.24,,,,,,,0.647,,
EPIC 201231940.01,CANDIDATE,0.57303573,,,0.35,0.32,0.51,0.09028,,,3.35,,,,3570.0,,,0.43,,
EPIC 201238110.01,CANDIDATE,7.90417,,,,1.92,0.268,0.0505,,27.3,2.06,,,,,,,0.374,,
EPIC 201238163.01,CANDIDATE,1.0829614,,,0.46,1.22,0.0655,0.02378,,,1.56,,,,3875.0,,,0.56,,
EPIC 201239401.01,CANDIDATE,0.905655,,,,1.488,0.0678,0.025,,4.14,1.57,,,,,,,0.576,,
EPIC 201247497.01,CANDIDATE,2.75421,,,,1.32,0.746,0.087,,13.7,8.4,,,,,,,0.89,,
EPIC 201258341.01,CANDIDATE,10.50439,,,,3.384,0.0402,0.0183,,21.4,1.75,,,,,,,0.878,,
EPIC 201259803.01,CANDIDATE,1.684208,,,,1.3224,1.476,0.1173,,10.58,5.51,,,,,,,0.431,,
EPIC 201264302.01,CANDIDATE,0.2122013,,,,0.624,0.0725,0.0253,,2.44,0.519,,,,,,,0.188,,
EPIC 201270176.01,CANDIDATE,1.57771549,,,,3.086,1.823,,,,,,,,5163.0,4.25178,,1.15585,0.87,
EPIC 201270464.01,CANDIDATE,1.57771549,,,,2.993,0.875,,,,,,,,7333.0,3.83915,,2.56752,1.66,
EPIC 201274010.01,CANDIDATE,13.0113,,,0.42,2.2008,0.065,0.0255,,26.7,2.43,,713.0,,5347.0,4.51267,,0.880221,0.92,
EPIC 201291843.01,CANDIDATE,40.70206194,,,,1.621,0.536,,,,,,,,3759.0,4.67427,,0.572892,0.565387,
EPIC 201299088.01,CANDIDATE,21.204739,,,,,,0.047409,83.49032,7.257597,9.11013939,,,,5154.0,3.91,-0.26,1.761722,,
EPIC 201352100.01,CANDIDATE,13.38382,,,0.38,2.2008,0.12,0.0326,,33.9,2.7,,608.0,,5113.71,4.73383,0.192,0.65973,0.86,
EPIC 201357835.01,CANDIDATE,11.8951,,,0.52,,,0.03044,,15.6,,,,,5040.0,,,0.68,,
EPIC 201359834.01,CANDIDATE,40.1401,,,,3.024,1.896,0.266,,74.5,20.8,,,,,,,0.716,,
EPIC 201366540.01,CANDIDATE,7.4433,,,,1.632,0.116,0.0346,,28.0,2.73,,,,,,,0.724,,
EPIC 201390927.01,CANDIDATE,2.638,,,0.42,1.6992,0.11,0.0265,,10.9,2.91,,1313.0,,4264.47,,0.0784,,,
EPIC 201392505.01,CANDIDATE,27.47083,,,0.4,5.5008,0.15,0.0412,,30.9,3.36,,480.0,,4947.03,4.59659,-0.2022,0.749863,0.81,
EPIC 201407812.01,CANDIDATE,2.8268121,,,0.82,6.8,14.1,0.456,,,40.1,,,,5736.0,,,0.98,,
EPIC 201441872.01,CANDIDATE,4.44044,,,,2.712,0.01414,0.01147,,10.6,1.32,,,,,,,1.053,,
EPIC 201445732.01,CANDIDATE,11.20381,,,,1.1328,0.0354,0.0182,,66.0,2.18,,,,,,,1.1,,
EPIC 201456770.01,CANDIDATE,8.006875,,,0.609,2.5,,0.0258,,20.19,2.384,,,,5403.0,4.538,-0.047,0.846,0.904,
EPIC 201488365.01,CANDIDATE,3.3643115,,,0.56,7.4,35.2,0.6248,,,85.6,,,,6240.0,,,1.32,,
EPIC 201497682.01,CANDIDATE,13.8394,,,,2.52,0.0487,0.0214,,37.0,1.29,,,,,,,0.554,,
EPIC 201497682.02,CANDIDATE,7.79983,,,,3.0,0.0561,0.0227,,17.1,1.37,,,,,,,0.554,,
EPIC 201497682.04,CANDIDATE,3.883,,,,2.03,0.0322,0.0176,,12.6,1.06,,,162.0,,,,0.554,,
EPIC 201512465.01,CANDIDATE,2.333123,,,,1.128,1.27,0.121,,12.6,2.95,,,,,,,0.224,,
EPIC 201515470.01,CANDIDATE,20.2073,,,,3.72,0.0735,0.0255,,37.3,2.12,,,,,,,0.7624,,
EPIC 201516974.01,CANDIDATE,36.7099,,,0.9,17.664,,0.0489,82.6,6.9,,,,,5069.12,,-0.612,5.33871,,
EPIC 201521212.01,CANDIDATE,19.565799,,,0.419,5.3,,0.0688,,27.92,6.412,,,,4486.0,4.652,-0.122,0.854,1.193,
EPIC 201528215.01,CANDIDATE,6.39916,,,,2.472,0.0401,0.0194,,17.3,1.48,,,,,,,0.7006,,
EPIC 201534540.01,CANDIDATE,2.72273204,,,,3.596,1.494,,,,,,,,8002.0,3.81097,,2.85976,1.93,
EPIC 201541160.01,CANDIDATE,15.695142,,,0.353,2.9,,0.0297,,40.23,2.028,,,,4270.0,4.719,-0.315,0.625,0.743,
EPIC 201543531.01,CANDIDATE,2.48038,,,,1.848,0.0116,0.0104,,8.5,1.44,,,,,,,1.27,,
EPIC 201546136.01,CANDIDATE,1.96712,,,,2.712,0.0361,0.0192,,4.4,1.73,,,,,,,0.826,,
EPIC 201556134.01,CANDIDATE,12.726743,,,0.26,3.88,0.0579,0.02141,,,1.91,,,,4767.0,,,0.73,,
EPIC 201561956.01,CANDIDATE,13.2359,,,,2.64,0.0469,0.0208,,33.4,2.09,,,,,,,0.924,,
EPIC 201563164.01,CANDIDATE,0.18746328,,,0.9,1.07,1.32,0.1236,,,217.0,,,,46696.0,,,17.27,,
EPIC 201565013.01,CANDIDATE,8.63795,,,,2.0472,2.738,0.317,,26.16,15.1,,,,,,,0.438,,
EPIC 201577017.01,CANDIDATE,0.4775252,,,,2.0472,1.5255,0.353,,1.933,20.1,,,,,,,0.522,,
EPIC 201577112.01,CANDIDATE,44.394,,,,2.784,1.517,0.1174,,123.0,4.07,,,,,,,0.318,,
EPIC 201588420.01,CANDIDATE,3.29163,,,,1.2888,0.0394,0.0189,,17.1,1.17,,,,,,,0.567,,
EPIC 201596733.01,CANDIDATE,2.896528,,,,1.5984,0.3274,0.0551,,12.6,1.45,,,,,,,0.242,,
EPIC 201606542.01,CANDIDATE,0.444372,,,,,,0.0136,86.9,8.3,1.22,,,,5540.0,4.81,0.03,0.82,,
EPIC 201617985.01,CANDIDATE,7.28076,,,,1.872,0.1293,0.06,,12.1,2.6,,,,,,,0.399,,
EPIC 201619647.01,CANDIDATE,4.58328,,,,2.208,0.152,0.0372,,14.6,2.21,,,,,,,0.545,,
EPIC 201619647.02,CANDIDATE,1.65336,,,,1.608,0.0686,0.0254,,6.8,1.51,,,,,,,0.545,,
EPIC 201626686.01,CANDIDATE,5.28130579,,,,3.552,0.074,,,,,,,,6161.41,3.65337,0.047,2.66957,1.17,
EPIC 201631267.01,CANDIDATE,440.0,,,1.05,,,0.176,,,16.3,,,,4600.0,,,0.85,,
EPIC 201635132.01,CANDIDATE,30.0,,,0.97,,,0.24,,,22.8,,,,3400.0,,,0.89,,
EPIC 201635132.02,CANDIDATE,,,,,5.16,3.177,0.38,,,24.9,,,,,,,0.6009,,
EPIC 201639576.01,CANDIDATE,7.655533,,,0.203,3.0,,0.0284,,19.35,2.328,,,,5114.0,4.687,-0.144,0.751,1.004,
EPIC 201650711.01,CANDIDATE,0.259669,,,,,,0.0102,82.1,3.1,0.77,,,,4340.0,4.25,-0.81,0.69,,
EPIC 201650711.02,CANDIDATE,5.54583,,,,2.088,0.0152,0.0119,,17.4,0.441,,,,,,,0.34,,
EPIC 201654498.01,CANDIDATE,18.4502,,,,3.72,0.085,0.0322,,26.0,2.52,,,,,,,0.717,,
EPIC 201663879.02,CANDIDATE,35.621,,,0.35,,0.045,,89.77,,1.89,0.3501,420.0,,5440.0,4.512,,0.898,0.954,
EPIC 201666578.01,CANDIDATE,4.1333,,,,1.704,0.112,0.0352,,13.3,1.2,,,,,,,0.312,,
EPIC 201683540.01,CANDIDATE,1.9611469,,,0.78,1.33,0.727,0.08768,,,5.93,,,,4166.0,,,0.64,,
EPIC 201702477.01,CANDIDATE,40.7302,,,,2.6496,,0.0719,,,7.8,,,,5840.0,4.44,,0.98,,
EPIC 201705526.01,CANDIDATE,18.10220826,,,,4.521,0.78,,,,,,,,6141.1,3.88145,-0.0886,2.04778,1.164,
EPIC 201717159.01,CANDIDATE,0.60408352,,,0.38,0.97,0.0963,0.02829,,,2.26,,,,4331.0,,,0.67,,
EPIC 201717274.01,CANDIDATE,3.52725,,,,1.68,0.199,0.043,,14.2,1.21,,,,,,,0.257,,
EPIC 201720401.01,CANDIDATE,6340.0,,,0.15,,,0.133,,,12.8,,,,4800.0,,,0.88,,
EPIC 201729655.01,CANDIDATE,9.321691,,,0.315,3.6,,0.234,,23.48,17.325,,,,5089.0,4.712,-0.255,0.678,0.787,
EPIC 201732557.01,CANDIDATE,6.662,,,,3.072,0.0946,0.0302,,13.8,1.59,,,,,,,0.483,,
EPIC 201775904.01,CANDIDATE,,,,,4.8072,1.3972,0.253,,,35.0,,,,,,,1.266,,
EPIC 201785059.01,CANDIDATE,1.395336,,,,1.2312,0.0665,0.0248,,7.8,0.76,,,,,,,0.28,,
EPIC 201793642.01,CANDIDATE,15.3791,,,,2.28,0.256,0.0516,,41.0,1.89,,,,,,,0.336,,
EPIC 201828749.01,CANDIDATE,33.5116,,,,5.352,0.0732,0.0302,,21.3,2.89,,,,,,,0.875,,
EPIC 201837434.01,CANDIDATE,6.97251,,,,2.808,0.0916,0.0294,,16.1,2.01,,,,,,,0.6252,,
EPIC 201841433.01,CANDIDATE,12.3389,,,,2.76,0.1021,0.0308,,29.5,2.11,,,,,,,0.628,,
EPIC 201846824.01,CANDIDATE,2.89465,,,,1.44,0.0551,0.0228,,13.3,1.75,,,,,,,0.702,,
EPIC 201856786.01,CANDIDATE,3.83794,,,,2.112,0.0315,0.0172,,12.0,1.51,,,,,,,0.809,,
EPIC 201856786.02,CANDIDATE,5.24086,,,,2.568,0.0292,0.0166,,13.5,1.46,,,,,,,0.809,,
EPIC 201892470.01,CANDIDATE,2790.0,,,1.07,,,0.121,,,12.2,,,,5100.0,,,0.93,,
EPIC 201896171.01,CANDIDATE,8.91058,,,,2.88,0.0592,0.0249,,18.1,2.8,,,,,,,1.028,,
EPIC 201920032.01,CANDIDATE,28.2671,,,,4.224,0.0757,0.0263,,47.3,2.94,,,,,,,1.028,,
EPIC 201920032.02,CANDIDATE,4.73172,,,,1.2,0.0245,0.0152,,26.0,1.7,,,,,,,1.028,,
EPIC 201923289.01,CANDIDATE,0.782022,,,,1.416,0.0267,0.0154,,3.71,1.58,,,,,,,0.94,,
EPIC 201925324.01,CANDIDATE,15.4769,,,,3.528,0.173,0.0401,,30.9,2.89,,,,,,,0.66,,
EPIC 201927336.01,CANDIDATE,6.45027,,,,1.632,0.0606,0.0235,,27.1,2.29,,,,,,,0.894,,
EPIC 202060800.01,CANDIDATE,3.262038,,,,2.2536,2.4289,0.277,,8.66,,,,,10318.0,,,5.27397,,
EPIC 202062450.01,CANDIDATE,4.4654,,,,7.488,1.59,0.18,,3.32,45.0,,,,,,,2.3,,
EPIC 202064253.01,CANDIDATE,21.140574,,,0.83,4.63,5.01,0.2499,,,31.5,,,,6205.0,,,1.29,,
EPIC 202065819.01,CANDIDATE,5.74372,,,,4.2048,0.7985,0.205,,6.52,,,,,,,,,,
EPIC 202066192.01,CANDIDATE,3.2923818,,,0.9,1.76,0.924,0.1053,,,19.6,,,,7824.0,,,1.87,,
EPIC 202066537.01,CANDIDATE,6.905053,,,,3.8736,2.5067,0.352,,11.12,,,,,,,,,,
EPIC 202066811.01,CANDIDATE,1.696374,,,,3.7296,3.779,0.1803,,4.043,35.3,,,,,,,1.793,,
EPIC 202071289.01,CANDIDATE,3.046136,,,,2.52,3.778,0.41,,8.02,76.0,,,,,,,1.698,,
EPIC 202071401.01,CANDIDATE,3.23792,,,,1.4448,0.0431,0.02,,15.2,,,,,4500.0,4.67558,,0.639668,0.707,
EPIC 202071635.01,CANDIDATE,6.2719092,,,0.85,5.32,9.29,0.3733,,,60.0,,,,7254.0,,,1.81,,
EPIC 202071725.01,CANDIDATE,1.42636,,,,2.328,0.03016,0.0142,,4.48,6.66,,,,,,,4.28,,
EPIC 202072596.01,CANDIDATE,3.979287,,,0.88,4.82,3.5,0.2167,,,37.5,,,,7430.0,,,1.84,,
EPIC 202072965.01,CANDIDATE,2.1417519,,,0.69,6.93,24.8,0.5571,,,86.2,,,,6492.0,,,1.59,,
EPIC 202084970.01,CANDIDATE,2.86136,,,,2.16,0.1169,0.033,,9.1,,,,,3697.0,4.73628,,0.50129,0.499329,
EPIC 202085553.01,CANDIDATE,3.10622,,,,2.712,0.195,0.101,,3.95,,,,,3636.0,4.73641,,0.501135,0.499177,
EPIC 202085597.01,CANDIDATE,1.814553,,,,3.4368,1.289,0.181,,2.757,,,,,4618.0,,,10.0566,,
EPIC 202085698.01,CANDIDATE,17.1541,,,,8.472,1.948,0.354,,12.96,,,,,4930.0,,,16.1325,,
EPIC 202085934.01,CANDIDATE,12.1507,,,,3.84,0.029,0.01639,,21.2,1.48,,,,,,,0.83,,
EPIC 202086291.01,CANDIDATE,2.4343734,,,0.52,7.44,38.7,0.6393,,,61.4,,,,5568.0,,,0.9,,
EPIC 202086968.01,CANDIDATE,1.8490876,,,0.97,3.12,2.74,0.2448,,,17.3,,,,5693.0,,,0.96,,
EPIC 202088212.01,CANDIDATE,2.620799,,,,2.6184,0.941,0.195,,4.82,37.0,,,,,,,1.725,,
EPIC 202089657.01,CANDIDATE,1.314437,,,,,,0.019306,84.96549,5.192105,3.09990986,,,,6009.0,4.09,-0.12,1.472064,,
EPIC 202090152.01,CANDIDATE,4.8045244,,,0.12,2.33,0.0678,0.02388,,,3.62,,,,6187.0,,,1.28,,
EPIC 202090723.01,CANDIDATE,6.14818,,,,3.8856,0.1513,0.03756,,11.82,,,,,6591.31,,-0.039,2.29043,,
EPIC 202090737.01,CANDIDATE,1.49761,,,,2.712,0.02228,0.01452,,3.77,,,,,,,,,,
EPIC 202091388.01,CANDIDATE,6.48167,,,,2.808,0.1249,0.0344,,15.5,3.46,,,,,,,0.922,,
EPIC 202092480.01,CANDIDATE,2.8445331,,,0.68,5.69,26.5,0.5768,,,65.3,,,,6045.0,,,1.16,,
EPIC 202092559.01,CANDIDATE,0.6687,,,,2.16,0.01196,0.01048,,2.15,2.22,,,,,,,1.942,,
EPIC 202092782.01,CANDIDATE,13.3461,,,,2.6568,0.5465,0.151,,20.3,42.0,,,,,,,2.575,,
EPIC 202093020.01,CANDIDATE,4.13737,,,,2.2368,1.049,0.217,,9.04,24.5,,,,,,,1.03,,
EPIC 202093968.01,CANDIDATE,2.469851,,,,2.6592,0.1234,0.0406,,3.46,6.6,,,,,,,1.479,,
EPIC 202094740.01,CANDIDATE,0.690458,,,,5.8896,0.6655,0.256,,1.299,,,,,6912.12,,0.086,1.50882,,
EPIC 202126847.01,CANDIDATE,4.1687922,,,0.95,6.61,1.69,0.1802,,,16.1,,,,6005.0,,,1.14,,
EPIC 202126853.01,CANDIDATE,21.17051,,,,5.004,1.5771,0.295,,22.5,81.0,,,,,,,2.536,,
EPIC 202126884.01,CANDIDATE,5.319075,,,,6.756,0.7124,0.08027,,5.98,20.0,,,,,,,2.28,,
EPIC 202137637.01,CANDIDATE,6.6223,,,,1.224,0.348,0.0573,,36.6,,,,,5000.0,,,5.54598,,
EPIC 202139294.01,CANDIDATE,0.5217136,,,,4.0152,1.4286,0.367,,1.462,452.0,,,,,,,11.27,,
EPIC 202565282.01,CANDIDATE,11.97495,,,,6.786,,0.76,,,256.0,,,,5200.0,3.32,,3.4,,
EPIC 202600948.01,CANDIDATE,5.9895,,,,1.848,0.0354,0.0182,,20.8,2.04,,,,,,,1.03,,
EPIC 202634963.01,CANDIDATE,28.707623,,,0.82,3.61,3.57,0.2136,,,21.2,,,,5838.0,,,1.03,,
EPIC 202675839.01,CANDIDATE,15.466674,,,,,,0.12002,85.47505,13.540111,16.12109089,,,,5807.0,4.25,0.45,1.231429,,
EPIC 202688980.01,CANDIDATE,1.45556515,,,,2.5488,2.7008,0.318,,3.585,71.0,,,,,,,2.043,,
EPIC 202710713.01,CANDIDATE,3.3255,,,,7.104,0.1179,0.116,,1.965,1080.0,,,,,,,85.0,,
EPIC 202774883.01,CANDIDATE,13.1426,,,,5.712,0.529,0.13,,9.7,200.0,,,,,,,13.9,,
EPIC 202821899.01,CANDIDATE,4.47471,,,,3.0336,0.173,0.081,,4.69,22.0,,,,,,,2.486,,
EPIC 202843107.01,CANDIDATE,2.1989041,,,0.6,6.83,32.4,0.6032,,,46.6,,,,4938.0,,,0.75,,
EPIC 202893157.01,CANDIDATE,4.1657292,,,0.85,2.47,0.227,0.05024,,,1.86,,,,3442.0,,,0.36,,
EPIC 202971774.01,CANDIDATE,0.2358684,,,,0.7416,0.0754,0.0313,,1.69,6.1,,,,,,,1.792,,
EPIC 203042994.01,CANDIDATE,12.99109,,,,1.656,0.602,0.088,,40.0,43.0,,,,,,,4.5,,
EPIC 203070421.01,CANDIDATE,1.7359447,,,0.96,2.82,0.043,0.02551,,,1.89,,,,5354.0,,,0.84,,
EPIC 203099398.01,CANDIDATE,1.83916,,,,1.5072,0.01515,0.01194,,8.3,0.62,,,,,,,0.48,,
EPIC 203139512.01,CANDIDATE,2.032664,,,,1.4088,0.1159,0.0329,,10.1,1.92,,,,,,,0.535,,
EPIC 203139512.02,CANDIDATE,6.11706,,,,2.064,0.0976,0.0302,,20.2,1.76,,,,,,,0.535,,
EPIC 203294831.01,CANDIDATE,1.85872487,,,,3.213,4.143,,,,,,,,6015.0,3.87316,,2.01889,1.11,
EPIC 203311200.01,CANDIDATE,,,,,13.02,0.3511,0.0603,,,12.81,,,,,,,1.947,,
EPIC 203518244.01,CANDIDATE,0.8411257,,,0.35,2.92,0.015,0.01098,,,0.884,,,,4289.0,,,0.66,,
EPIC 203533312.01,CANDIDATE,0.17566,,,,,,0.0248,76.6,1.7,3.11,,,,6620.0,4.19,0.09,1.15,,
EPIC 203560204.01,CANDIDATE,29.33873041,,,,5.083,1.277,,,,,,,,3171.0,4.71253,,0.528528,0.525532,
EPIC 203616858.01,CANDIDATE,1.68027,,,,2.616,0.0262,0.0207,,2.45,2.9,,,,,,,1.275,,
EPIC 203623230.01,CANDIDATE,2.54427583,,,,2.146,0.012,,,,,,,,8188.0,3.71913,,3.23826,2.003,
EPIC 203633064.01,CANDIDATE,0.7099504,,,,2.172,1.6512,0.357,,2.482,80.0,,,,,,,2.065,,
EPIC 203753577.01,CANDIDATE,3.400858,,,,2.28,0.3404,0.132,,5.53,14.1,,,,,,,0.983,,
EPIC 203771098.03,CANDIDATE,,,,,6.5448,0.3145,0.0551,,,7.51,,,,,,,1.249,,
EPIC 203784668.01,CANDIDATE,,,,,14.664,0.5701,0.231,,,,,,,3095.0,,,,,
EPIC 203867512.01,CANDIDATE,28.46762,,,,7.62,3.1445,0.1704,,29.86,37.0,,,,,,,1.97,,
EPIC 203914123.01,CANDIDATE,83830.0,,,0.49,,,0.149,,,12.0,,,,4000.0,,,0.74,,
EPIC 203925865.01,CANDIDATE,8.79689,,,,6.96,0.0527,0.0217,,8.7,4.85,,,,,,,2.047,,
EPIC 203929178.01,CANDIDATE,1.153886,,,,2.7696,,0.53,,,99.0,,,,6841.0,4.09,,1.8,,
EPIC 203942067.01,CANDIDATE,1.6398934,,,0.77,4.06,14.6,0.4392,,,33.0,,,,5175.0,,,0.79,,
EPIC 204057095.01,CANDIDATE,23.21037,,,,2.4408,0.4533,0.116,,37.6,15.3,,,,,,,1.207,,
EPIC 204124270.01,CANDIDATE,1.330023,,,,1.7352,0.2836,0.167,,3.37,44.0,,,,,,,2.4,,
EPIC 204128016.01,CANDIDATE,50.73641,,,,5.0328,0.3938,0.0701,,45.9,10.31,,,,,,,1.349,,
EPIC 204197636.01,CANDIDATE,46.1373,,,,6.936,0.1137,0.033,,47.6,2.6,,,,,,,0.723,,
EPIC 204276894.01,CANDIDATE,1.957,,,,,0.01,,,,,,,,3913.0,,,45.3731,,
EPIC 204308061.01,CANDIDATE,22.6398,,,,3.744,0.02,0.0135,,40.8,1.27,,,,,,,0.862,,
EPIC 204312847.01,CANDIDATE,24.193613,,,0.81,7.54,10.6,0.3778,,,30.7,,,,5457.0,,,0.87,,
EPIC 204322265.01,CANDIDATE,2.784496,,,,0.4656,0.585,0.075,,41.0,2.09,,,,,,,0.256,,
EPIC 204346718.01,CANDIDATE,0.64292573,,,,5.977,2.46,,,,,,,,2914.0,4.86227,,0.362033,0.348098,
EPIC 204489514.01,CANDIDATE,10.2236,,,,10.3992,,0.61,,,132.0,,,,6960.0,4.05,,2.04,,
EPIC 204529573.01,CANDIDATE,2.7518,,,,1.248,0.00992,0.00948,,14.5,0.669,,,,,,,0.647,,
EPIC 204546592.01,CANDIDATE,,,,,20.736,0.9753,0.15,,,133.0,,,,,,,8.12,,
EPIC 204576757.01,CANDIDATE,23.277669,,,0.64,4.75,19.8,0.4569,,,32.8,,,,4379.0,,,0.68,,
EPIC 204579445.01,CANDIDATE,24.6842,,,,4.968,0.0408,0.01951,,35.1,2.49,,,,,,,1.17,,
EPIC 204634789.01,CANDIDATE,2.2,,,0.74,,,0.088,,,8.4,,,,4800.0,,,0.87,,
EPIC 204649811.01,CANDIDATE,2.64594828,,,,2.688,1.124,,,,,,,,6634.0,3.98751,,1.98054,1.39,
EPIC 204658292.01,CANDIDATE,20.98296043,,,,2.961,0.338,,,,,,,,4822.0,4.59235,,0.739921,0.781,
EPIC 204676499.01,CANDIDATE,1.5271792,,,,2.298,0.192,,,,,,,,5359.0,4.49859,,0.899453,0.93,
EPIC 204750116.02,CANDIDATE,7.8392,,,,3.504,0.0158,0.01204,,14.9,1.46,,,,,,,1.115,,
EPIC 204763194.01,CANDIDATE,2.320937,,,,2.736,0.3298,0.125,,3.2,15.7,,,,,,,1.157,,
EPIC 204791347.01,CANDIDATE,1.94297,,,0.125,1.4,,0.054,,11.39,2.571,,,,3197.0,4.846,-0.105,0.436,0.486,
EPIC 204880394.01,CANDIDATE,0.2338108,,,,1.92,1.26,0.107,,1.238,,,,,,,,,,
EPIC 204884005.01,CANDIDATE,46.38363,,,,5.2368,0.1771,0.03871,,66.7,3.22,,,,,,,0.762,,
EPIC 204888276.01,CANDIDATE,16.56127,,,,4.368,0.109,0.034,,18.8,0.957,,,,,,,0.258,,
EPIC 204914585.01,CANDIDATE,18.3647,,,,5.856,0.0421,0.0196,,21.3,2.61,,,,,,,1.22,,
EPIC 204990932.01,CANDIDATE,21.9184,,,,2.904,0.133,0.0404,,38.0,3.18,,,,,,,0.72,,
EPIC 204991696.01,CANDIDATE,49.8558,,,,7.032,0.0539,0.02222,,49.6,3.29,,,,,,,1.359,,
EPIC 205029914.01,CANDIDATE,4.9815,,,,3.828,0.05902,0.02384,,8.6,2.39,,,,,,,0.92,,
EPIC 205040048.01,CANDIDATE,3.30524,,,,1.08,0.121,0.0341,,20.3,6.6,,,,,,,1.79,,
EPIC 205047565.01,CANDIDATE,14.5444413,,,,2.783,0.268,,,,,,,,,,,,,
EPIC 205050711.01,CANDIDATE,4.30221683,,,,7.536,2.613,,,,,,,,7168.62,3.42072,,4.08069,1.6,
EPIC 205084841.01,CANDIDATE,11.31028,,,,4.44,1.773,0.1203,,21.36,18.9,,,,,,,1.44,,
EPIC 205145448.01,CANDIDATE,16.63091654,,,,2.255,4.087,,,,,,,,5121.0,4.16342,,1.27372,0.862,
EPIC 205146011.01,CANDIDATE,1.057171,,,,1.4712,0.0204,0.0137,,4.88,1.51,,,,,,,1.004,,
EPIC 205152172.01,CANDIDATE,0.980294,,,,1.116,0.0655,0.0242,,6.0,1.81,,,,,,,0.685,,
EPIC 205170731.01,CANDIDATE,14.2005,,,,3.72,0.0856,0.0276,,26.3,2.36,,,,,,,0.786,,
EPIC 205205452.01,CANDIDATE,28.8077,,,,2.184,0.853,0.0886,,97.0,2.08,,,,,,,0.215,,
EPIC 205224877.01,CANDIDATE,3.75927,,,,1.608,0.361,0.0581,,16.2,68.0,,,,,,,10.7,,
EPIC 205242733.01,CANDIDATE,2.41628,,,,2.496,0.0704,0.0243,,6.83,2.68,,,,,,,1.01,,
EPIC 205252523.01,CANDIDATE,4.4984354,,,0.65,1.68,0.185,0.04131,,,3.12,,,,4309.0,,,0.66,,
EPIC 205377483.01,CANDIDATE,0.3938505,,,,1.3128,0.0488,0.058,,1.257,13.7,,,,,,,2.16,,
EPIC 205463986.01,CANDIDATE,2.3240489,,,0.79,4.04,15.4,0.4699,,,33.4,,,,5107.0,,,0.78,,
EPIC 205470347.01,CANDIDATE,1.86732,,,,1.656,0.00794,0.00857,,7.4,0.648,,,,,,,0.693,,
EPIC 205483055.01,CANDIDATE,22.9735,,,,3.384,0.0541,0.0224,,46.7,2.61,,,,,,,1.067,,
EPIC 205489894.01,CANDIDATE,14.65835,,,,1.548,0.1029,0.0303,,66.3,1.12,,,,,,,0.339,,
EPIC 205503762.01,CANDIDATE,6.4349,,,,4.344,0.0263,0.0152,,9.9,2.47,,,,,,,1.493,,
EPIC 205530323.01,CANDIDATE,4.27065,,,,1.392,0.22,0.0453,,21.7,7.6,,,,,,,1.5,,
EPIC 205530323.02,CANDIDATE,7.64309,,,,1.296,0.236,0.0479,,39.0,8.0,,,,,,,1.5,,
EPIC 205570849.01,CANDIDATE,16.858,,,,2.0592,,0.047,,,5.6,,,,5957.0,4.351,,1.07,,
EPIC 205618538.01,CANDIDATE,2.167697,,,,4.8744,0.2228,0.04472,,3.46,12.14,,,,,,,2.489,,
EPIC 205632508.01,CANDIDATE,19.2299,,,,2.568,0.0922,0.0293,,51.0,1.96,,,,,,,0.612,,
EPIC 205652650.01,CANDIDATE,5.07152,,,,2.04,0.216,0.068,,8.8,3.2,,,,,,,0.426,,
EPIC 205703094.01,CANDIDATE,8.1191,,,,2.904,,0.45,,,57.0,,,,6040.0,4.32,,1.2,,
EPIC 205703094.02,CANDIDATE,16.235,,,,5.904,,0.086,,,11.0,,,,6040.0,4.32,,1.2,,
EPIC 205938820.01,CANDIDATE,4.20773,,,,2.232,0.0277,0.0161,,12.6,1.47,,,,,,,0.834,,
EPIC 205939498.01,CANDIDATE,1.1761477,,,,1.3056,0.136,0.074,,2.87,19.3,,,,,,,2.38,,
EPIC 205943325.01,CANDIDATE,27.270191,,,0.375,7.3,,0.0142,,26.88,2.5,,,,6171.0,4.129,-0.077,1.612,1.275,
EPIC 205944181.01,CANDIDATE,2.475573,,,,0.8808,0.0898,0.0308,,16.8,2.98,,,,,,,0.888,,
EPIC 205947161.01,CANDIDATE,17.7259,,,,1.752,0.3338,0.123,,37.1,23.4,,,,,,,1.752,,
EPIC 205947214.01,CANDIDATE,54.169832,,,0.74,4.23,13.6,0.4052,,,22.0,,,,3836.0,,,0.55,,
EPIC 205951125.01,CANDIDATE,6.79143,,,,2.496,0.0739,0.0259,,18.2,1.72,,,,,,,0.609,,
EPIC 205957328.01,CANDIDATE,14.3533,,,,3.264,0.0625,0.0234,,30.0,2.18,,,,,,,0.855,,
EPIC 205962305.01,CANDIDATE,1.88282,,,,4.008,0.595,0.093,,2.4,2.6,,,,,,,0.257,,
EPIC 205969319.01,CANDIDATE,6.4756,,,,3.48,0.0174,0.0127,,12.4,1.85,,,,,,,1.339,,
EPIC 205976958.01,CANDIDATE,2.31803,,,,1.728,0.143,0.0364,,9.0,2.34,,,,,,,0.589,,
EPIC 205981465.01,CANDIDATE,6.37733,,,,1.584,0.0769,0.0267,,26.7,0.76,,,,,,,0.262,,
EPIC 205996447.01,CANDIDATE,0.80032756,,,0.77,2.0,10.4,0.3618,,,21.3,,,,4028.0,,,0.61,,
EPIC 205998649.01,CANDIDATE,8.3958,,,,6.696,0.034,0.0181,,7.8,3.95,,,,,,,1.996,,
EPIC 205999468.01,CANDIDATE,12.26422,,,,1.68,0.0726,0.0268,,46.0,2.22,,,,,,,0.7596,,
EPIC 206011849.01,CANDIDATE,10.3631,,,,2.592,0.062,0.0246,,25.0,1.64,,,,,,,0.613,,
EPIC 206028176.01,CANDIDATE,9.38053,,,,5.16,0.0385,0.01879,,12.5,2.89,,,,,,,1.412,,
EPIC 206029242.01,CANDIDATE,5.6505,,,,2.64,0.0164,0.0121,,14.2,1.33,,,,,,,1.012,,
EPIC 206029450.01,CANDIDATE,4.23119,,,,2.16,0.158,0.0386,,13.9,2.17,,,,,,,0.516,,
EPIC 206031623.01,CANDIDATE,9.9487,,,,3.648,0.01525,0.01191,,18.2,1.48,,,,,,,1.136,,
EPIC 206032309.01,CANDIDATE,4.1107634,,,0.0,1.31,0.263,0.04665,,,1.01,,,,2989.0,,,0.18,,
EPIC 206036749.01,CANDIDATE,1.131305,,,,1.236,0.1366,0.0321,,6.56,3.93,,,,,,,1.122,,
EPIC 206047055.01,CANDIDATE,4.1029,,,,5.088,0.0124,0.0106,,5.36,2.28,,,,,,,1.98,,
EPIC 206049452.01,CANDIDATE,14.454495,,,0.76,2.21,0.0843,0.02923,,,2.21,,,,4521.0,,,0.7,,
EPIC 206056433.01,CANDIDATE,28.564994,,,0.6,3.92,0.0914,0.02852,,,2.25,,,,4418.0,,,0.68,,
EPIC 206061524.01,CANDIDATE,5.879829,,,,2.5296,0.9542,0.0912,,17.6,6.97,,,,,,,0.701,,
EPIC 206114294.01,CANDIDATE,3.292013,,,,1.104,0.658,0.0783,,21.4,5.76,,,,,,,0.674,,
EPIC 206114630.01,CANDIDATE,7.445026,,,,,,0.025337,89.32857,54.673344,2.2805044,,,,5277.0,4.65,0.12,0.825169,,
EPIC 206133795.01,CANDIDATE,13.8543,,,,5.04,0.0269,0.0158,,18.3,3.18,,,,,,,1.848,,
EPIC 206135075.01,CANDIDATE,54.976021,,,0.66,5.9,6.46,0.2481,,,39.1,,,,6333.0,,,1.41,,
EPIC 206135170.01,CANDIDATE,2.59824,,,,1.044,0.87,0.0895,,18.1,7.7,,,,,,,0.788,,
EPIC 206135267.01,CANDIDATE,2.573088,,,,2.214,,0.1235,,,34.0,,,,5165.0,3.68,,2.5,,
EPIC 206135682.04,CANDIDATE,37.827,,,,3.408,0.0556,0.0226,,77.0,1.42,,,,,,,0.577,,
EPIC 206151047.01,CANDIDATE,0.3584061,,,,0.984,0.0341,0.0238,,1.43,2.66,,,,,,,1.03,,
EPIC 206152015.01,CANDIDATE,0.80858305,,,,2.199,1.022,,,,,,,,6151.8,,-0.81,2.31125,,
EPIC 206155922.01,CANDIDATE,4.00932,,,,1.896,0.0227,0.0146,,14.1,1.08,,,,,,,0.68,,
EPIC 206159027.02,CANDIDATE,20.6714,,,,2.472,0.0455,0.0205,,56.0,1.47,,,,,,,0.655,,
EPIC 206169157.01,CANDIDATE,,,,,5.592,0.2243,0.0402,,,7.72,,,,,,,1.763,,
EPIC 206169157.02,CANDIDATE,,,,,10.704,0.1821,0.162,,,31.1,,,,,,,1.763,,
EPIC 206169375.01,CANDIDATE,0.3674645,,,,0.8376,0.0631,0.03,,2.13,3.9,,,,,,,1.18,,
EPIC 206175552.01,CANDIDATE,6.57986525,,,,1.225,0.561,,,,,,,,5874.0,4.01131,,1.68281,1.06,
EPIC 206192335.01,CANDIDATE,3.59922,,,,1.896,0.036,0.0185,,12.3,1.63,,,,,,,0.809,,
EPIC 206208956.01,CANDIDATE,5.01038,,,,0.8376,0.0718,0.0257,,40.7,4.28,,,,,,,1.53,,
EPIC 206215704.01,CANDIDATE,3.11594,,,,0.984,0.162,0.0397,,20.2,1.59,,,,,,,0.367,,
EPIC 206226146.01,CANDIDATE,11.63547,,,,2.304,0.0767,0.0268,,34.2,2.6,,,,,,,0.892,,
EPIC 206260577.01,CANDIDATE,1.982116,,,,1.6032,0.3731,0.157,,5.04,35.0,,,,,,,2.05,,
EPIC 206262341.01,CANDIDATE,36.9321,,,,6.1032,0.0856,0.02864,,45.0,2.98,,,,,,,0.955,,
EPIC 206268084.01,CANDIDATE,8.4532,,,,3.48,0.0595,0.0234,,16.2,2.66,,,,,,,1.0419,,
EPIC 206298289.01,CANDIDATE,0.434832,,,,0.8952,0.0762,0.0265,,3.38,0.96,,,,,,,0.333,,
EPIC 206311743.01,CANDIDATE,4.31444335,,,,7.132,3.877,,,,,,,,4952.0,,,2.25969,,
EPIC 206312951.01,CANDIDATE,1.53402,,,,,,0.022,87.18,9.44,1.13,,,,3698.0,4.71992,,0.520027,0.517496,
EPIC 206315178.01,CANDIDATE,0.3176828,,,,0.8184,1.593,0.116,,3.07,11.9,,,,,,,0.944,,
EPIC 206329937.01,CANDIDATE,10.49927,,,,2.784,0.0575,0.0219,,26.1,1.43,,,,,,,0.599,,
EPIC 206344313.01,CANDIDATE,5.23189,,,,2.28,0.286,0.0529,,14.8,3.62,,,,,,,0.627,,
EPIC 206358352.01,CANDIDATE,1.13666,,,,1.248,0.0308,0.0169,,6.0,3.18,,,,,,,1.724,,
EPIC 206360885.01,CANDIDATE,12.4404,,,,3.984,0.169,0.0426,,18.5,2.72,,,,,,,0.586,,
EPIC 206360885.02,CANDIDATE,1.49462,,,,1.848,0.0779,0.0281,,5.0,1.8,,,,,,,0.586,,
EPIC 206369173.01,CANDIDATE,2.018725,,,,2.2344,0.0435,0.056,,2.36,91.0,,,,,,,14.96,,
EPIC 206403979.01,CANDIDATE,23.8039,,,,2.58,,0.21,,,12.0,,,,4840.0,4.809,,0.48,,
EPIC 206414361.01,CANDIDATE,3.47722,,,,2.088,0.0684,0.0253,,10.9,1.53,,,,,,,0.556,,
EPIC 206417197.01,CANDIDATE,0.442185,,,,1.56,0.0291,0.025,,1.22,2.02,,,,,,,0.754,,
EPIC 206439513.01,CANDIDATE,18.415126,,,,,,0.183689,64.28238,2.717431,69.44309317,,,,6211.0,3.56,-0.25,3.465887,,
EPIC 206461841.01,CANDIDATE,10.4404,,,,,,,89.9971,,0.6739,0.0828,,41.745,4893.0,4.596,0.04,0.746,0.8,
EPIC 206468053.01,CANDIDATE,27.837146,,,0.17,7.4,,0.0737,,30.33,5.149,,,,4241.0,4.696,-0.335,0.64,0.741,
EPIC 206476150.01,CANDIDATE,12.19649,,,,1.9272,0.0387,0.0192,,42.9,2.23,,,,,,,1.062,,
EPIC 206500801.01,CANDIDATE,8.15306759,,,,4.477,2.292,,,,,,,,5445.0,3.94879,,1.71199,0.95,
EPIC 206532093.01,CANDIDATE,2.2021868,,,0.64,6.27,29.2,0.5916,,,56.5,,,,5695.0,,,0.96,,
EPIC 206535016.01,CANDIDATE,20.3997,,,,1.6488,0.1066,0.0312,,85.0,2.65,,,,,,,0.778,,
EPIC 206543223.01,CANDIDATE,17.80345864,,,,3.201,4.843,,,,,,,,5561.99,4.29773,-0.01,1.16413,0.981,
EPIC 207389002.01,CANDIDATE,2.931226,,,,4.74888,,0.75,,,90.0,,,,6097.0,4.37,,1.12,,
EPIC 207739861.01,CANDIDATE,1.81449,,,,2.592,,0.27,,,27.0,,,,5614.0,4.49,,0.92,,
EPIC 208445756.01,CANDIDATE,22.4844,,,,6.69096,,0.65,,,79.0,,,,6173.0,4.35,,1.15,,
EPIC 208833261.01,CANDIDATE,3.47451,,,,4.2,,0.0536,,,10.6,,,,7143.0,4.117,,1.83,,
EPIC 209036259.01,CANDIDATE,0.369181,,,,0.7392,,0.0705,,,16.5,,,,6020.0,3.762,,2.22,,
EPIC 209286622.01,CANDIDATE,6.71694,,,,3.37992,,0.44,,,39.0,,,,5267.0,4.549,,0.82,,
EPIC 210365511.01,CANDIDATE,3.951971,,,,,,0.111884,38.93841,1.466826,8.44551389,,,,4672.0,4.63,-0.1,0.692034,,
EPIC 210371175.01,CANDIDATE,11.3256,,,,4.8,0.0427,0.0192,,16.1,2.18,,,,,,,1.043,,
EPIC 210384192.01,CANDIDATE,2.9237,,,,1.488,0.179,0.0411,,13.0,2.57,,,,,,,0.573,,
EPIC 210389383.01,CANDIDATE,14.08549,,,,6.36192,,0.14602,,,21.1,,,,5970.0,4.161,,1.32,,
EPIC 210394706.01,CANDIDATE,15.0818,,,,3.192,0.1161,0.0326,,32.3,1.83,,,,,,,0.514,,
EPIC 210394706.02,CANDIDATE,3.16363,,,,1.752,0.053,0.0222,,12.1,1.25,,,,,,,0.514,,
EPIC 210418253.01,CANDIDATE,23.9683,,,,,,,91.0247,,1.6119,0.1791,,28.046,5296.0,4.455,0.11,1.129,1.325,
EPIC 210423938.01,CANDIDATE,19.8606,,,,3.888,0.0903,0.0312,,28.0,2.21,,,,,,,0.648,,
EPIC 210463428.01,CANDIDATE,4.72046,,,,1.8168,3.96,0.207,,18.3,8.7,,,,,,,0.385,,
EPIC 210472483.01,CANDIDATE,1.1430018,,,,4.654,4.202,,,,,,,,5551.0,,,3.28495,,
EPIC 210495066.01,CANDIDATE,3.74234,,,,1.872,0.0944,0.0293,,13.8,1.61,,,,,,,0.502,,
EPIC 210508766.03,CANDIDATE,24.2747,,,,1.272,0.1239,0.0337,,130.0,1.56,,,,,,,0.424,,
EPIC 210524811.01,CANDIDATE,7.46967,,,,1.656,0.38,0.079,,18.9,2.4,,,,,,,0.279,,
EPIC 210550063.01,CANDIDATE,2.165976,,,,1.5264,0.05025,0.0217,,9.4,2.61,,,,,,,1.1,,
EPIC 210559259.01,CANDIDATE,14.26763,,,,3.624,0.1051,0.031,,27.5,2.04,,,,,,,0.603,,
EPIC 210564155.01,CANDIDATE,4.86496,,,,1.272,0.1561,0.0382,,25.7,1.09,,,,,,,0.261,,
EPIC 210576234.01,CANDIDATE,15.97700259,,,,4.926,2.99,,,,,,,,5692.43,,0.013,1.04527,,
EPIC 210598340.01,CANDIDATE,3.7342439,,,,5.736,1.2859,0.10655,,5.303,30.71,,,,,,,2.642,,
EPIC 210605073.01,CANDIDATE,0.5670195,,,,0.9624,1.246,0.11,,4.2,,,,,,,,,,
EPIC 210609658.01,CANDIDATE,14.145239,,,,,,0.06327,86.50001,8.065367,14.86409395,,,,5016.0,3.81,0.2,2.15381,,
EPIC 210625740.01,CANDIDATE,2.386772,,,,1.08,1.296,0.128,,12.6,4.0,,,,,,,0.286,,
EPIC 210626797.01,CANDIDATE,43.36143,,,,6.84,0.828,0.186,,28.5,29.8,,,,,,,1.472,,
EPIC 210629082.01,CANDIDATE,27.353103,,,,,,0.019308,88.95754,25.741857,3.05048319,,,,6148.0,4.15,0.28,1.448467,,
EPIC 210659688.01,CANDIDATE,2.357651,,,,0.8352,0.469,0.067,,19.3,1.95,,,,,,,0.267,,
EPIC 210659945.01,CANDIDATE,27.9329,,,,3.24,0.174,0.0402,,60.0,2.51,,,,,,,0.573,,
EPIC 210664763.01,CANDIDATE,3.72007,,,,1.224,0.0225,0.0145,,20.0,1.55,,,,,,,0.986,,
EPIC 210666756.01,CANDIDATE,1.39657671,,,,1.586,0.189,,,,,,,,5805.0,4.48176,,0.96977,1.04,
EPIC 210678858.01,CANDIDATE,31.3537,,,,5.016,0.197,0.0432,,43.2,3.85,,,,,,,0.816,,
EPIC 210678858.02,CANDIDATE,14.8484,,,,3.6,0.1018,0.0302,,28.9,2.68,,,,,,,0.816,,
EPIC 210678858.03,CANDIDATE,10.0696,,,,3.096,0.0395,0.019,,21.9,1.69,,,,,,,0.816,,
EPIC 210696763.01,CANDIDATE,3.65017,,,,1.272,0.192,0.0423,,19.6,1.15,,,,,,,0.249,,
EPIC 210696763.02,CANDIDATE,5.76808,,,,1.8,0.209,0.0438,,22.2,1.19,,,,,,,0.249,,
EPIC 210696763.03,CANDIDATE,7.98471,,,,1.92,0.202,0.0439,,27.5,1.19,,,,,,,0.249,,
EPIC 210706310.01,CANDIDATE,5.1718,,,,,,,90.0307,,0.8891,0.051,,391.097,5941.0,4.328,-0.252,0.954,0.709,
EPIC 210708830.01,CANDIDATE,5.7408,,,,,,,89.9948,,1.0668,0.0627,,107.349,5342.0,4.704,0.015,0.76,1.067,
EPIC 210736056.01,CANDIDATE,29.0529,,,,,0.2,,,,,,,,3373.0,4.89895,,0.325107,0.305444,
EPIC 210769880.01,CANDIDATE,1.436756,,,,2.556,0.1125,0.093,,1.97,110.0,,,,,,,10.91,,
EPIC 210775710.01,CANDIDATE,59.84871,,,,4.284,1.1942,0.1031,,108.1,12.0,,,,,,,1.067,,
EPIC 210777017.01,CANDIDATE,11.376,,,,3.432,0.0946,0.0293,,23.0,2.03,,,,,,,0.636,,
EPIC 210801536.01,CANDIDATE,0.8925,,,,1.992,0.0162,0.0123,,3.02,2.7,,,,,,,2.0,,
EPIC 210813978.01,CANDIDATE,14.7619,,,,2.688,0.0714,0.0263,,38.5,2.11,,,,,,,0.735,,
EPIC 210843708.01,CANDIDATE,0.7041655,,,,1.775,0.117,,,,,,,,4564.0,,,9.3189,,
EPIC 210852232.01,CANDIDATE,1.93426,,,,2.184,0.0278,0.0162,,5.7,1.64,,,,,,,0.928,,
EPIC 210852232.02,CANDIDATE,3.43827,,,,0.8016,0.0414,0.0195,,29.1,1.98,,,,,,,0.928,,
EPIC 210877025.01,CANDIDATE,18.03895153,,,,6.304,0.121,,,,,,,,5089.61,4.47396,0.07,0.88619,0.853,
EPIC 210903662.01,CANDIDATE,2.41040731,,,,1.847,0.563,,,,,,,,6276.0,3.95894,,1.92538,1.23,
EPIC 210925707.01,CANDIDATE,1.6865884,,,,4.923,4.591,,,,,,,,6199.0,3.57767,,2.93748,1.19,
EPIC 210933299.01,CANDIDATE,8.4044,,,,2.256,0.144,0.037,,23.4,1.24,,,,,,,0.307,,
EPIC 210935498.01,CANDIDATE,1.1829266,,,,2.1168,1.5889,0.176,,3.905,29.0,,,,,,,1.51,,
EPIC 210945680.01,CANDIDATE,20.5949,,,,,,,89.079,,1.5097,0.1477,,58.55,5969.0,4.386,0.115,1.059,0.994,
EPIC 210956385.01,CANDIDATE,56.6205,,,,5.736,0.7187,0.0779,,76.0,7.68,,,,,,,0.904,,
EPIC 210958990.01,CANDIDATE,1.702301,,,,2.53896,,0.1369,,,19.1,,,,6116.0,4.24,,1.28,,
EPIC 210961508.01,CANDIDATE,0.3499146,,,,1.9032,0.11036,0.149,,1.274,39.4,,,,,,,2.43,,
EPIC 210965800.02,CANDIDATE,4.27681,,,,2.808,0.0536,0.0222,,10.0,2.27,,,,,,,0.938,,
EPIC 210965800.03,CANDIDATE,13.16121,,,,4.056,0.0731,0.0256,,22.0,2.62,,,,,,,0.938,,
EPIC 210965800.04,CANDIDATE,21.0858,,,,4.728,0.0872,0.0289,,29.7,2.95,,,,,,,0.938,,
EPIC 210965800.05,CANDIDATE,30.2894,,,,5.256,0.0549,0.0228,,38.0,2.33,,,,,,,0.938,,
EPIC 210965800.06,CANDIDATE,1.82876,,,,2.352,0.0235,0.0143,,5.24,1.46,,,,,,,0.938,,
EPIC 210967369.01,CANDIDATE,7.1149,,,,,,,90.0013,,0.9835,0.0589,,220.293,5534.0,4.411,0.32,0.953,0.845,
EPIC 211002562.01,CANDIDATE,3.347872,,,,3.7248,1.3334,0.1169,,5.484,28.1,,,,,,,2.2,,
EPIC 211009047.01,CANDIDATE,1.31982263,,,,1.588,0.213,,,,,,,,6196.8,3.58502,0.1399,2.91272,1.19,
EPIC 211058748.01,CANDIDATE,3.32257,,,,1.656,0.0476,0.0209,,13.7,2.53,,,,,,,1.108,,
EPIC 211064647.01,CANDIDATE,,,,,7.176,1.265,0.252,,,44.0,,,,,,,1.6,,
EPIC 211087003.01,CANDIDATE,,,,,6.792,0.796,0.0824,,,8.7,,,,,,,0.96,,
EPIC 211087003.02,CANDIDATE,28.29213,,,,4.464,0.127,0.0338,,46.5,3.55,,,,,,,0.96,,
EPIC 211106187.01,CANDIDATE,14.643071,,,,,,0.045931,89.36914,54.9762,66.04981083,,,,4883.0,2.27,-1.1,13.183733,,
EPIC 211107835.01,CANDIDATE,18.8652,,,,3.936,0.0561,0.0224,,32.5,1.57,,,,,,,0.642,,
EPIC 211133138.01,CANDIDATE,7.434876,,,,1.4736,0.6143,0.17,,21.7,32.0,,,,,,,1.74,,
EPIC 211147528.01,CANDIDATE,2.349545,,,,2.712,0.757,0.0828,,6.2,15.3,,,,,,,1.695,,
EPIC 211158357.01,CANDIDATE,0.2990737,,,,0.5256,2.051,0.3,,3.55,7.6,,,,,,,0.231,,
EPIC 211169300.01,CANDIDATE,16.43831081,,,,4.389,1.529,,,,,,,,5997.0,3.91664,,1.92033,1.11,
EPIC 211201576.01,CANDIDATE,5.88165,,,,3.528,0.0323,0.0173,,11.3,2.58,,,,,,,1.37,,
EPIC 211305568.01,CANDIDATE,11.55059,,,,,,0.041,88.7,37.16,1.98,,,,3677.0,4.76387,,0.469901,0.467536,
EPIC 211305568.02,CANDIDATE,0.19785,,,,,,0.015,79.23,2.51,0.72,,,,3677.0,4.76387,,0.469901,0.467536,
EPIC 211308899.01,CANDIDATE,6.423,,,0.151,4.88496,0.0395,0.019868,,,,,,,5053.72,,-1.194,5.86835,,
EPIC 211309648.01,CANDIDATE,3.1393226,,,0.31,,,0.0942,,6.25,15.43,0.0434,1780.0,,6283.0,4.18,0.05,1.5,1.24,
EPIC 211315836.01,CANDIDATE,1.385246,,,,0.8808,0.1243,0.0326,,11.51,5.01,,,,,,,1.407,,
EPIC 211319779.01,CANDIDATE,13.8253157,,,,,,,,,,,,,5163.0,4.58,-0.2,0.75,0.78,
EPIC 211321953.01,CANDIDATE,22.194346,,,0.568,4.8,,0.0272,,30.46,3.174,,,,5660.0,4.283,-0.441,1.069,0.806,
EPIC 211327855.01,CANDIDATE,1.72397,,,,1.488,0.0201,0.0137,,7.5,1.33,,,,,,,0.885,,
EPIC 211328748.01,CANDIDATE,17.178,,,0.0,2.45208,0.0219,0.014808,,,,,,,5814.52,4.20761,0.033,1.33351,1.046,
EPIC 211333233.01,CANDIDATE,5.409,,,0.028,2.34408,0.0172,0.013096,,,,,,,3949.0,,,45.4751,,
EPIC 211335816.01,CANDIDATE,4.99,,,0.487,0.86208,0.1907,0.043667,,,,,,,6242.0,4.09458,,1.63356,1.21,
EPIC 211336288.01,CANDIDATE,0.22181,,,,,,0.018,76.9,2.28,1.13,,,,3942.0,4.66358,,0.585409,0.576018,
EPIC 211336616.01,CANDIDATE,44.13,,,0.037,4.63488,0.0427,0.020655,,,,,,,4865.94,,-0.6889,10.7024,,
EPIC 211342524.01,CANDIDATE,14.448987,,,,3.7632,3.8361,0.45,,25.25,86.0,,,,,,,1.739,,
EPIC 211357309.01,CANDIDATE,0.463954,,,,0.9888,0.0326,0.018,,2.97,0.53,,,,,,,0.272,,
EPIC 211365543.01,CANDIDATE,5.264,,,0.148,4.18488,0.0096,0.009804,,,,,,,6190.82,4.11773,-0.169,1.5774,1.19,
EPIC 211372788.01,CANDIDATE,1.529084,,,,2.1936,1.0527,0.267,,3.964,48.0,,,,,,,1.654,,
EPIC 211375488.01,CANDIDATE,4.166738,,,1.26,2.7312,,0.4348,,,94.8,,,,,,,2.0,,
EPIC 211383821.01,CANDIDATE,1.56699,,,,2.112,0.046,0.0203,,5.0,1.34,,,,,,,0.603,,
EPIC 211390903.01,CANDIDATE,7.757595,,,,,0.075,0.0251,89.17,,1.95,,,,,,,0.713,,
EPIC 211393988.01,CANDIDATE,4.8718955,,,0.33,,,0.0735,,8.94,14.64,0.074,1663.0,,6972.0,4.1,0.02,1.82,1.53,
EPIC 211396431.01,CANDIDATE,8.514184,,,0.93,11.0,,0.0418,,2.71,38.298,,,,4885.0,2.69,-0.425,8.384,1.254,
EPIC 211397844.01,CANDIDATE,16.168833,,,,3.1944,0.4046,,,,,,,,5186.0,3.371,,5.653,,
EPIC 211407755.01,CANDIDATE,36.109,,,,3.192,0.49,0.145,,46.0,8.0,,,,,,,0.504,,
EPIC 211408558.01,CANDIDATE,9.967689,,,0.079,4.3,,0.0178,,17.94,2.005,,,,5882.0,4.455,0.113,1.031,1.103,
EPIC 211413463.01,CANDIDATE,3.25182,,,1.37,2.7192,,0.4864,,,33.2,,,,,,,0.63,,
EPIC 211418290.01,CANDIDATE,5.032134,,,,8.5992,1.048,0.0941,,4.915,25.83,,,,,,,2.516,,
EPIC 211419451.01,CANDIDATE,6.45795,,,,1.032,0.0788,0.0271,,41.6,2.78,,,,,,,0.9389,,
EPIC 211424769.01,CANDIDATE,5.176243,,,,,,0.159299,85.08481,12.490944,19.44301811,,,,6185.0,4.34,-0.12,1.118972,,
EPIC 211428897.01,CANDIDATE,1.610888,,,,1.2048,0.0696,0.025,,9.1,0.82,,,,,,,0.299,,
EPIC 211428897.02,CANDIDATE,2.178008,,,,1.2768,0.0453,0.0205,,11.9,0.67,,,,,,,0.299,,
EPIC 211428897.03,CANDIDATE,4.96792,,,,1.296,0.0572,0.0231,,26.1,0.75,,,,,,,0.299,,
EPIC 211428897.04,CANDIDATE,6.26561,,,,1.512,0.058,0.0235,,26.6,0.77,,,,,,,0.299,,
EPIC 211428897.05,CANDIDATE,3.28963,,,,2.04,0.0259,0.0156,,10.5,0.51,,,,,,,0.299,,
EPIC 211432103.01,CANDIDATE,0.93346092,,,,2.338,0.194,,,,,,,,6035.64,3.65014,0.219,2.62165,1.12,
EPIC 211432922.01,CANDIDATE,5.81861,,,,3.888,0.689,0.081,,10.1,3.4,,,,,,,0.38,,
EPIC 211436313.01,CANDIDATE,4.332837,,,0.312,2.4,,0.0286,,13.62,2.263,,,,4768.0,4.693,-0.136,0.725,0.942,
EPIC 211436876.01,CANDIDATE,1.1524,,,,,,,89.9962,,0.6746,0.0125,,8270.029,5992.0,4.386,-0.095,1.057,0.992,
EPIC 211438731.01,CANDIDATE,20.486455,,,0.722,2.0,,0.0682,,60.56,2.762,,,,3664.0,4.852,0.069,0.371,0.357,
EPIC 211439059.01,CANDIDATE,18.6393,,,,5.64,0.0399,0.0193,,22.0,1.73,,,,,,,0.821,,
EPIC 211442571.01,CANDIDATE,5.19287,,,,2.472,0.0211,0.01434,,13.8,1.29,,,,,,,0.826,,
EPIC 211442571.02,CANDIDATE,3.39934,,,,2.184,0.015,0.012,,10.3,1.08,,,,,,,0.826,,
EPIC 211451776.01,CANDIDATE,12.17682,,,0.232,2.9,,0.0323,,32.13,2.244,,,,4477.0,4.739,-0.485,0.637,0.812,
EPIC 211469889.01,CANDIDATE,7.07737,,,,3.072,0.0907,0.0291,,15.7,2.1,,,,,,,0.662,,
EPIC 211480861.01,CANDIDATE,6.3508198,,,,,,,,,,,,,7461.0,4.03,0.03,2.11,1.74,
EPIC 211492384.01,CANDIDATE,0.635328,,,,1.3032,0.1315,,,,,,,,6420.0,4.176,,1.531,,
EPIC 211492449.01,CANDIDATE,16.24196986,,,,4.391,0.241,,,,,,,,4499.02,,-0.54,10.4554,,
EPIC 211503824.01,CANDIDATE,2.047195,,,,1.8936,0.0255,,,,,,,,6150.0,4.476,,0.958,,
EPIC 211505089.01,CANDIDATE,24.4472,,,,6.36,0.0718,0.0257,,27.2,1.82,,,,,,,0.647,,
EPIC 211506851.01,CANDIDATE,10.542179,,,0.526,3.3,,0.0312,,21.49,3.123,,,,5441.0,4.423,0.021,0.916,0.81,
EPIC 211510580.01,CANDIDATE,5.31471,,,,1.896,0.1511,0.0374,,18.7,1.45,,,,,,,0.355,,
EPIC 211516501.01,CANDIDATE,3.84981,,,,3.36,0.0153,0.01204,,7.6,1.86,,,,,,,1.42,,
EPIC 211533633.01,CANDIDATE,2.126953,,,,1.416,0.0707,,,,1.7,,,,4020.0,4.696,,0.573,,
EPIC 211535327.01,CANDIDATE,20.2244,,,,4.176,0.1132,0.0323,,33.2,2.94,,,,,,,0.8325,,
EPIC 211537087.02,CANDIDATE,42.3822512,,,0.4,,,0.0274,,67.6,2.58,0.2688,482.0,,5568.0,4.52,-0.11,0.86,0.9,
EPIC 211537087.03,CANDIDATE,41.9,,,0.7,,,0.0243,,57.0,2.28,0.228,82.0,,5568.0,4.52,-0.11,0.86,0.9,
EPIC 211541590.01,CANDIDATE,9.81881482,,,,3.206,0.285,,,,,,,,3463.0,4.81652,,0.411081,0.403933,
EPIC 211543616.01,CANDIDATE,1.518232,,,,3.0816,35.6389,,,,,,,,5510.0,4.237,,1.209,,
EPIC 211544257.01,CANDIDATE,1.63013,,,,2.2848,4.6964,,,,,,,,6190.0,4.136,,1.602,,
EPIC 211546613.01,CANDIDATE,2.007472,,,,0.9048,1.6989,,,,,,,,3790.0,4.783,,0.473,,
EPIC 211551160.01,CANDIDATE,37.4059,,,,3.84,0.145,0.0366,,67.0,2.32,,,,,,,0.581,,
EPIC 211552050.01,CANDIDATE,3.544965,,,,1.464,0.0621,,,,1.9,,,,4860.0,4.602,,0.701,,
EPIC 211569704.01,CANDIDATE,34.023,,,0.0,3.0,0.0308,0.017559,,,,,,,4534.56,,0.141,11.253,,
EPIC 211572511.01,CANDIDATE,10.39528014,,,,4.442,0.019,,,,,,,,5714.27,4.54932,-0.009,0.8881,1.019,
EPIC 211578235.01,CANDIDATE,11.007537,,,1.29,1.5408,,0.4056,,,41.5,,,,,,,0.94,,
EPIC 211579683.01,CANDIDATE,9.0102,,,,4.872,0.0982,0.044,,5.7,3.6,,,,,,,0.738,,
EPIC 211586387.01,CANDIDATE,35.3972,,,,4.68,0.147,0.045,,30.0,2.6,,,,,,,0.531,,
EPIC 211590050.01,CANDIDATE,26.0,,,0.27,,,0.0611,,25.6,10.48,0.187,222.0,,6414.0,4.16,0.03,1.57,1.29,
EPIC 211606790.01,CANDIDATE,37.24703,,,,4.9296,0.7202,0.189,,32.4,35.0,,,,,,,1.696,,
EPIC 211611139.01,CANDIDATE,1.882213,,,,0.9648,0.5678,,,,,,,,6590.0,4.178,,1.568,,
EPIC 211616939.01,CANDIDATE,1.8554,,,,2.8008,0.0775,,,,,,,,4990.0,2.964,,10.091,,
EPIC 211619805.01,CANDIDATE,1.855827,,,,3.0168,0.0844,,,,,,,,4720.0,4.627,,0.664,,
EPIC 211619879.01,CANDIDATE,15.7512,,,,2.568,0.05,0.0218,,42.2,1.38,,,,,,,0.582,,
EPIC 211620138.01,CANDIDATE,1.855421,,,,5.6832,66.0084,,,,,,,,11500.0,4.055,,2.734,,
EPIC 211631538.01,CANDIDATE,5.513327,,,,0.9264,0.2119,,,,3.9,,,,5020.0,4.562,,0.77,,
EPIC 211638401.01,CANDIDATE,0.53027,,,,1.0632,0.0568,,,,1.4,,,,3880.0,4.706,,0.558,,
EPIC 211642307.01,CANDIDATE,20.9913,,,,2.928,0.129,0.0342,,48.2,1.44,,,,,,,0.386,,
EPIC 211642882.01,CANDIDATE,23.897707,,,,1.4832,1.1511,,,,,,,,5020.0,4.581,,0.728,,
EPIC 211644764.01,CANDIDATE,23.5306712,,,0.42,,,0.0471,,65.7,9.25,0.5304,591.0,,6688.0,4.05,0.04,1.9,1.48,
EPIC 211645912.01,CANDIDATE,10.6741,,,,3.768,0.0354,0.0178,,18.8,1.86,,,,,,,0.9538,,
EPIC 211649214.01,CANDIDATE,3.78795,,,,1.6512,0.4851,,,,,,,,5126.0,3.476,,4.182,,
EPIC 211663688.01,CANDIDATE,1.855516,,,,4.0752,1.4554,,,,,,,,3110.0,5.092,,0.189,,
EPIC 211673349.01,CANDIDATE,4.894289,,,,2.1048,0.3043,,,,4.1,,,,4440.0,4.62,,0.686,,
EPIC 211679060.01,CANDIDATE,12.601781,,,0.731,3.4,,0.0235,,20.06,2.788,,,,5791.0,4.269,-0.289,1.088,0.803,
EPIC 211682423.01,CANDIDATE,6.96350934,,,,2.189,0.016,,,,,,,,6244.89,4.33403,-0.5877,1.23998,1.21,
EPIC 211685045.01,CANDIDATE,0.769057,,,,,,0.035,82.9,3.3,2.06,,,,3832.0,4.9,-0.058,0.54,,
EPIC 211694226.01,CANDIDATE,1.91828,,,,,,0.021,86.2,10.53,1.0,,,,,,,,,
EPIC 211711685.01,CANDIDATE,15.462807,,,0.473,4.0,,0.0126,,26.64,1.266,,,,5509.0,4.414,0.044,0.919,0.802,
EPIC 211718187.01,CANDIDATE,5.51633,,,,1.92,0.183,0.0413,,19.9,1.38,,,,,,,0.306,,
EPIC 211719484.01,CANDIDATE,0.36091387,,,,1.692,0.739,,,,,,,,6175.0,3.94242,,1.92205,1.18,
EPIC 211724246.01,CANDIDATE,4.7464962,,,0.91,,,0.0506,,6.64,11.6,0.0651,1775.0,,6486.0,3.97,0.07,2.1,1.5,
EPIC 211728689.01,CANDIDATE,8.952623,,,0.851,2.6,,0.0954,,17.82,8.917,,,,5258.0,4.586,-0.212,0.856,1.023,
EPIC 211731298.01,CANDIDATE,1.990422,,,,2.0736,0.0447,0.02,,6.6,1.8,,,,,,,0.824,,
EPIC 211733267.01,CANDIDATE,8.658143,,,,1.6968,0.7969,0.195,,23.3,19.1,,,,,,,0.9,,
EPIC 211736305.01,CANDIDATE,14.5616,,,,3.144,0.1029,0.0305,,31.0,2.82,,,,,,,0.849,,
EPIC 211741619.01,CANDIDATE,2.787663,,,,0.7464,0.1087,,,,2.2,,,,3950.0,4.676,,0.602,,
EPIC 211754117.01,CANDIDATE,13.798845,,,0.351,3.0,,0.0224,,33.73,1.665,,,,4980.0,4.686,-0.35,0.68,0.824,
EPIC 211754962.01,CANDIDATE,3.41065,,,,1.944,0.0494,0.0216,,11.3,1.65,,,,,,,0.701,,
EPIC 211762841.01,CANDIDATE,1.56494,,,,0.6672,0.122,0.034,,15.7,2.06,,,,,,,0.556,,
EPIC 211765695.01,CANDIDATE,7.5587,,,0.459,2.5,,0.0357,,20.99,2.643,,,,3974.0,4.579,-0.221,0.677,0.636,
EPIC 211765695.02,CANDIDATE,25.43143,,,0.773,2.8,,0.0391,,48.45,2.887,,,,3974.0,4.579,-0.221,0.677,0.636,
EPIC 211770867.01,CANDIDATE,27.693,,,0.465,6.34296,1.8421,0.135722,,,,,,,6286.0,4.0632,,1.7076,1.23,
EPIC 211783206.01,CANDIDATE,7.13142,,,,1.92,0.0707,0.0258,,24.3,9.6,,,,,,,3.4,,
EPIC 211784767.01,CANDIDATE,3.57804902,,,,4.905,0.008,,,,,,,,6024.0,4.08194,,1.59182,1.116,
EPIC 211788221.01,CANDIDATE,12.89398,,,,1.2,0.314,0.0539,,77.0,1.12,,,,,,,0.191,,
EPIC 211791178.01,CANDIDATE,9.562742,0.14,-81.19,,,,0.027599,89.57,24.05,2.01,0.078,,35.1,4349.9,,,0.667217,0.694726,
EPIC 211796070.01,CANDIDATE,1.88993,,,,1.656,0.0367,0.0186,,7.4,1.29,,,,,,,0.638,,
EPIC 211797637.01,CANDIDATE,1.640707,,,,2.208,0.0469,0.034,,2.15,2.09,,,,,,,0.572,,
EPIC 211799258.01,CANDIDATE,19.53403,,,0.43,1.2888,,0.2593,,,12.7,,,,,,,0.45,,
EPIC 211800191.01,CANDIDATE,1.106175,,,,,,0.089351,67.34494,2.678202,8.83310242,,,,5851.0,4.43,-0.35,0.90632,,
EPIC 211808055.01,CANDIDATE,3.383,,,0.353,3.72096,0.1641,0.040506,,,,,,,5603.82,4.41736,0.206,1.019,0.99,
EPIC 211812935.01,CANDIDATE,3.607981,,,,2.7384,0.5543,,,,18.3,,,,6490.0,3.928,,2.253,,
EPIC 211814313.01,CANDIDATE,15.405101,,,,2.8128,1.6796,,,,,,,,5910.0,4.145,,1.475,,
EPIC 211817229.01,CANDIDATE,2.176955,,,,0.54,0.48,0.068,,26.9,1.25,,,,,,,0.169,,
EPIC 211825866.01,CANDIDATE,0.95017067,,,,2.581,0.088,,,,,,,,5339.0,4.65577,,0.746527,0.92,
EPIC 211826814.01,CANDIDATE,1.53453,,,,,,0.036,86.05,12.69,1.02,,,,,4.96079,,0.29,0.28,
EPIC 211830293.01,CANDIDATE,20.893526,,,,7.7016,0.8821,,,,,,,,6020.0,4.041,,1.765,,
EPIC 211834065.01,CANDIDATE,10.545,,,0.164,3.25896,0.0143,0.011974,,,,,,,6046.92,3.90591,0.1908,1.95293,1.12,
EPIC 211837343.01,CANDIDATE,12.0808,,,,2.28,0.1218,0.0341,,34.3,2.53,,,,,,,0.682,,
EPIC 211843564.01,CANDIDATE,0.4520313,,,,0.7272,0.756,0.0848,,4.4,5.3,,,,,,,0.569,,
EPIC 211859295.01,CANDIDATE,11.09226,,,0.391,2.9,,0.0325,,28.25,2.495,,,,4496.0,4.611,-0.063,0.703,0.74,
EPIC 211863149.01,CANDIDATE,2.61299,,,,6.6624,0.2779,,,,,,,,3520.0,4.798,,0.458,,
EPIC 211876245.01,CANDIDATE,8.97146,,,,2.6064,26.9917,,,,,,,,5330.0,4.481,,0.872,,
EPIC 211886472.01,CANDIDATE,19.640151,,,,2.184,0.6212,0.179,,36.3,43.0,,,,,,,2.188,,
EPIC 211892082.01,CANDIDATE,10.90364,,,0.591,2.4,,0.0344,,29.57,2.214,,,,3929.0,4.669,-0.504,0.59,0.593,
EPIC 211892395.01,CANDIDATE,0.995061,,,,2.6448,44.5224,,,,,,,,5080.0,4.468,,0.864,,
EPIC 211897272.01,CANDIDATE,11.2362,,,,1.176,0.0491,0.0216,,64.0,2.25,,,,,,,0.955,,
EPIC 211897691.01,CANDIDATE,5.75052,,,,1.44,0.1123,0.0321,,27.2,2.01,,,,,,,0.576,,
EPIC 211901114.01,CANDIDATE,1.6488,,,,,0.17,,,,,,,,3392.0,4.78569,,0.445314,0.441527,
EPIC 211904310.01,CANDIDATE,24.399869,,,0.97,,,0.1029,,15.59,18.43,0.1201,1144.0,,6404.0,4.12,0.05,1.65,1.33,
EPIC 211906259.01,CANDIDATE,2.52,,,0.174,12.35496,0.0105,0.010236,,,,,,,5707.44,4.37448,0.211,1.08666,1.02,
EPIC 211913395.01,CANDIDATE,9.35739,,,,1.68,0.171,0.0414,,34.0,2.69,,,,,,,0.595,,
EPIC 211914445.01,CANDIDATE,1.810718,,,,2.4048,0.1366,,,,,,,,5680.0,4.257,,1.178,,
EPIC 211914889.01,CANDIDATE,1.81042,,,,3.7056,3.5275,,,,,,,,3050.0,4.808,,0.313,,
EPIC 211914960.01,CANDIDATE,1.810834,,,,2.844,0.3433,,,,,,,,3230.0,3.921,,0.888,,
EPIC 211914998.02,CANDIDATE,24.6237203,,,0.43,,,0.0235,,47.18,2.33,0.1984,585.0,,5650.0,4.49,-0.07,0.91,0.93,
EPIC 211925181.01,CANDIDATE,8.841,,,,1.752,0.155,0.0381,,33.7,2.43,,,,,,,0.584,,
EPIC 211925595.01,CANDIDATE,45.38331501,,,,5.429,0.229,,,,,,,,4793.26,4.50159,0.085,0.815611,0.77,
EPIC 211929937.01,CANDIDATE,3.4766506,,,,2.5848,2.0961,0.1314,,11.33,12.6,,,,,,,0.879,,
EPIC 211939692.01,CANDIDATE,,,,,9.9312,0.0998,0.03051,,,4.31,,,,,,,1.294,,
EPIC 211939692.02,CANDIDATE,39.5438,,,,7.992,0.0511,0.0233,,19.5,3.28,,,,,,,1.294,,
EPIC 211939692.03,CANDIDATE,,,,,12.696,0.0585,0.02308,,,3.26,,,,,,,1.294,,
EPIC 211939692.04,CANDIDATE,26.8662,,,,8.52,0.0479,0.0209,,21.8,2.95,,,,,,,1.294,,
EPIC 211941472.01,CANDIDATE,5.7837,,,,4.2,0.0107,0.0096,,9.2,1.38,,,,,,,1.31,,
EPIC 211942755.01,CANDIDATE,19.729071,,,0.727,2.7,,0.0288,,39.96,2.239,,,,4735.0,4.619,-0.535,0.712,0.769,
EPIC 211953244.01,CANDIDATE,29.724674,,,0.672,3.8,,0.0154,,45.44,1.439,,,,5339.0,4.515,0.09,0.854,0.869,
EPIC 211964332.01,CANDIDATE,7.220537,,,,4.1136,0.3983,,,,,,,,5420.0,4.435,,0.932,,
EPIC 211965883.01,CANDIDATE,10.55532,,,,1.68,0.158,0.0389,,41.0,2.64,,,,,,,0.623,,
EPIC 211972627.01,CANDIDATE,1.092845,,,,1.6248,0.0236,,,,,,,,5620.0,4.468,,0.951,,
EPIC 211972681.01,CANDIDATE,1.092673,,,,1.3056,0.0833,,,,,,,,5140.0,4.557,,0.783,,
EPIC 211978865.01,CANDIDATE,0.907765,,,1.69,0.0,,0.5831,,,77.0,,,,,,,1.21,,
EPIC 211987231.01,CANDIDATE,17.035203,,,,2.508,2.208,0.321,,42.47,53.0,,,,,,,1.51,,
EPIC 211988320.01,CANDIDATE,63.8432,,,,4.944,0.193,0.043,,85.0,2.78,,,,,,,0.594,,
EPIC 211993818.01,CANDIDATE,8.986648,,,,,,0.307785,83.70731,10.169716,143.0368808,,,,5265.0,3.2,-0.04,4.260594,,
EPIC 211995325.01,CANDIDATE,0.279258,,,,,,0.1243,79.8,2.2,8.41,,,,4071.0,4.838,-0.202,0.62,,
EPIC 211995398.01,CANDIDATE,32.5795,,,,5.088,2.421,0.1513,,49.6,10.44,,,,,,,0.633,,
EPIC 211997641.01,CANDIDATE,1.744546,,,,3.924,20.6372,,,,,,,,6530.0,3.921,,2.316,,
EPIC 212008766.02,CANDIDATE,74.8,,,0.97,,,0.0569,,98.4,4.34,0.32,86.0,,5044.0,4.64,-0.16,0.7,0.79,
EPIC 212009150.01,CANDIDATE,6.83292,,,,2.208,0.389,0.066,,17.8,1.3,,,,,,,0.18,,
EPIC 212024672.01,CANDIDATE,3.697161,,,,3.3528,3.5827,,,,,,,,3120.0,4.991,,0.245,,
EPIC 212033577.01,CANDIDATE,23.702342,,,,5.424,4.8619,,,,,,,,6280.0,4.021,,1.869,,
EPIC 212035441.01,CANDIDATE,2.714743,,,0.114,1.6,,0.0264,,13.37,1.198,,,,3634.0,4.802,0.31,0.415,0.397,
EPIC 212036875.01,CANDIDATE,5.169887,,,,1.5504,0.3348,,,,9.1,,,,6830.0,4.256,,1.45,,
EPIC 212040382.01,CANDIDATE,4.445559,,,,3.6312,0.4228,,,,15.9,,,,6520.0,3.932,,2.237,,
EPIC 212041206.01,CANDIDATE,23.917716,,,,1.7208,3.2061,,,,,,,,5050.0,4.507,,0.828,,
EPIC 212041476.01,CANDIDATE,2.783705,,,,1.272,0.0538,,,,2.4,,,,5890.0,4.487,,0.939,,
EPIC 212048046.01,CANDIDATE,9.375266,,,0.411,2.8,,0.0435,,24.46,3.545,,,,4571.0,4.597,-0.116,0.747,0.804,
EPIC 212052250.01,CANDIDATE,0.986765,,,,3.336,30.5455,,,,,,,,6080.0,4.201,,1.4,,
EPIC 212066407.01,CANDIDATE,0.8218241,,,,1.1256,0.0615,0.0209,,5.34,6.1,,,,,,,2.66,,
EPIC 212068493.01,CANDIDATE,14.220246,,,,3.4848,10.1983,,,,,,,,6130.0,4.185,,1.461,,
EPIC 212096658.01,CANDIDATE,1.466473,,,,2.5488,33.5755,,,,,,,,4570.0,4.413,,0.981,,
EPIC 212099230.01,CANDIDATE,7.112134,,,,2.5104,0.0553,,,,2.7,,,,5800.0,4.409,,1.042,,
EPIC 212114260.01,CANDIDATE,20.016917,,,,2.4144,0.552,,,,,,,,5790.0,4.451,,0.97,,
EPIC 212120773.01,CANDIDATE,5.17518,,,,3.288,0.0317,0.017,,10.2,1.53,,,,,,,0.826,,
EPIC 212133517.01,CANDIDATE,9.73605539,,,,3.673,0.122,,,,,,,,5508.0,4.47265,,0.946449,0.97,
EPIC 212136123.01,CANDIDATE,2.22645,,,,1.728,0.0997,0.0305,,9.0,2.6,,,,,,,0.782,,
EPIC 212138198.01,CANDIDATE,3.209149,,,,,,0.057615,86.45657,14.582916,5.27465763,,,,5182.0,4.55,0.29,0.839324,,
EPIC 212141021.01,CANDIDATE,2.91825,,,,2.208,0.0402,0.0196,,8.9,1.65,,,,,,,0.776,,
EPIC 212150006.01,CANDIDATE,0.898344,,,,1.4016,0.2531,0.101,,2.44,9.8,,,,,,,0.9,,
EPIC 212152341.01,CANDIDATE,6.676,,,0.087,2.27304,3.9424,0.198555,,,,,,,4036.0,,,,,
EPIC 212159514.01,CANDIDATE,0.545702,,,,1.9152,0.0532,,,,,,,,5330.0,3.514,,4.752,,
EPIC 212159623.01,CANDIDATE,4.70751,,,,2.928,0.0209,0.0139,,10.7,1.52,,,,,,,0.998,,
EPIC 212194007.01,CANDIDATE,1.17715,,,,3.924,29.4749,,,,,,,,6390.0,3.846,,2.529,,
EPIC 212207368.01,CANDIDATE,1.190316,,,,3.2592,1.4098,,,,,,,,3420.0,4.916,,0.335,,
EPIC 212219881.01,CANDIDATE,6.924808,,,,2.8536,0.9578,,,,8.5,,,,5300.0,4.55,,0.795,,
EPIC 212223307.01,CANDIDATE,1.190354,,,,3.924,36.3154,,,,,,,,6350.0,3.88,,2.407,,
EPIC 212227092.01,CANDIDATE,5.190254,,,,3.1608,69.6741,,,,,,,,3120.0,3.97,,0.645,,
EPIC 212228567.01,CANDIDATE,11.480611,,,0.861,11.0,,0.0398,,4.69,23.562,,,,4692.0,3.138,0.046,5.415,1.48,
EPIC 212228994.01,CANDIDATE,1.095841,,,,1.9104,0.3489,,,,,,,,5920.0,3.996,,1.906,,
EPIC 212270970.01,CANDIDATE,0.7165461,,,,1.7496,0.2089,0.133,,1.861,25.5,,,,,,,1.754,,
EPIC 212278644.01,CANDIDATE,12.426,,,0.213,4.92312,0.0431,0.02077,,,,,,,5926.0,4.21306,,1.34653,1.08,
EPIC 212283840.01,CANDIDATE,16.715029,,,0.964,1.8,,0.0365,,27.81,3.402,,,,5406.0,4.49,-0.189,0.854,0.821,
EPIC 212294561.01,CANDIDATE,2.76294135,,,,2.758,0.052,,,,,,,,5794.0,4.66219,,0.787867,1.04,
EPIC 212301649.01,CANDIDATE,1.225,,,0.554,9.01608,0.0224,0.014962,,,,,,,5222.0,4.5427,,0.836336,0.89,
EPIC 212303338.01,CANDIDATE,0.595621,,,,,,0.006193,84.35229,4.717778,0.58303133,,,,5338.0,4.51,0.19,0.863058,,
EPIC 212304395.01,CANDIDATE,1.605718,,,,1.5144,0.5483,0.075,,6.8,16.0,,,,,,,1.9,,
EPIC 212310244.01,CANDIDATE,6.669,,,0.166,4.98408,0.0213,0.014607,,,,,,,5048.0,4.48154,,0.871771,0.84,
EPIC 212311834.01,CANDIDATE,17.788652,,,1.06,2.8104,,0.5791,,,47.8,,,,,,,0.76,,
EPIC 212315941.01,CANDIDATE,12.93562,,,,2.2296,1.573,0.204,,30.2,33.6,,,,,,,1.511,,
EPIC 212315941.02,CANDIDATE,51.735,,,,2.664,0.591,0.093,,90.0,15.3,,,,,,,1.511,,
EPIC 212321305.01,CANDIDATE,34.1365,,,,9.192,0.3371,0.0539,,27.5,10.54,,,,,,,1.791,,
EPIC 212328538.01,CANDIDATE,3.56467,,,,1.848,0.075,0.0263,,12.9,1.62,,,,,,,0.564,,
EPIC 212329106.01,CANDIDATE,21.0791,,,,3.528,0.0353,0.0182,,40.1,2.71,,,,,,,1.362,,
EPIC 212330265.01,CANDIDATE,4.17458,,,,1.968,0.1339,0.0354,,15.1,1.08,,,,,,,0.28,,
EPIC 212346723.01,CANDIDATE,15.9489,,,,5.64,0.0331,0.0177,,19.4,2.48,,,,,,,1.29,,
EPIC 212351026.01,CANDIDATE,2.55068936,,,,7.155,0.828,,,,,,,,3545.0,4.72355,,0.515866,0.513515,
EPIC 212351405.01,CANDIDATE,2.549,,,0.407,3.83304,0.1961,0.044285,,,,,,,,,,,,
EPIC 212351868.01,CANDIDATE,2.500285,,,0.36,5.7,,0.237,,4.03,64.215,,,,6051.0,3.934,-0.038,2.481,1.936,
EPIC 212362217.01,CANDIDATE,0.6962935,,,,0.7944,0.1033,0.0319,,5.7,3.85,,,,,,,1.107,,
EPIC 212370106.01,CANDIDATE,22.446,,,0.011,3.48,0.1546,0.039319,,,,,,,4118.0,4.5655,,0.693527,0.645,
EPIC 212380207.01,CANDIDATE,26.143,,,,4.488,0.0848,0.0285,,38.1,2.52,,,,,,,0.8091,,
EPIC 212393193.01,CANDIDATE,14.452,,,0.0,2.958,0.0331,0.0182,,,,,,,6318.0,4.43683,,1.11514,1.24,
EPIC 212393193.02,CANDIDATE,36.152,,,0.001,5.31696,0.0331,0.0183,,,,,,,6318.0,4.43683,,1.11514,1.24,
EPIC 212396050.01,CANDIDATE,6.16596,,,0.977,,,0.0314,,8.85,,,,,5882.0,,,1.3,,
EPIC 212398508.01,CANDIDATE,46.4221,,,,6.744,0.0793,0.0273,,49.2,2.66,,,,,,,0.893,,
EPIC 212406474.01,CANDIDATE,1.852487,,,,2.52,0.1299,0.136,,2.89,36.8,,,,,,,2.479,,
EPIC 212409658.01,CANDIDATE,3.746332,,,0.519,1.9,,0.0207,,13.17,1.638,,,,4395.0,4.615,-0.085,0.726,0.795,
EPIC 212421673.01,CANDIDATE,28.24765,,,,13.9752,0.9811,0.09873,,14.12,38.5,,,,,,,3.57,,
EPIC 212421749.01,CANDIDATE,25.3606,,,,4.656,0.1341,0.035,,36.1,3.11,,,,,,,0.815,,
EPIC 212422536.01,CANDIDATE,15.7086,,,,3.648,0.1002,0.0303,,29.4,1.96,,,,,,,0.595,,
EPIC 212422536.02,CANDIDATE,9.886,,,,3.168,0.0652,0.0245,,21.1,1.59,,,,,,,0.595,,
EPIC 212424622.01,CANDIDATE,12.0156,,,,5.4,0.0489,0.0211,,14.7,2.81,,,,,,,1.2247,,
EPIC 212425103.01,CANDIDATE,0.946033,,,,1.632,0.0425,0.02,,3.94,1.81,,,,,,,0.827,,
EPIC 212428509.01,CANDIDATE,2.667929,,,1.42,2.0904,,0.497,,,50.7,,,,,,,0.94,,
EPIC 212432685.01,CANDIDATE,0.531684,,,,1.776,0.0236,0.0152,,1.86,2.13,,,,,,,1.29,,
EPIC 212434019.01,CANDIDATE,24.006249,,,0.406,3.5,,0.1449,,55.95,23.826,,,,6150.0,4.165,-0.383,1.506,1.214,
EPIC 212435047.01,CANDIDATE,1.115563,,,,2.04,0.01969,0.012,,3.94,1.29,,,,,,,0.98,,
EPIC 212443457.01,CANDIDATE,24.482,,,,8.016,0.804,0.0937,,16.2,28.2,,,,,,,2.763,,
EPIC 212443973.01,CANDIDATE,0.77923,,,,,,0.023,83.74,7.23,0.87,,,,,,,,,
EPIC 212451091.01,CANDIDATE,12.666,,,0.053,3.51,0.1876,0.043318,,,,,,,5690.0,4.48856,,0.948236,1.01,
EPIC 212454160.01,CANDIDATE,0.876,,,0.526,7.37208,0.0146,0.012103,,,,,,,5849.0,4.11289,,1.49707,1.06,
EPIC 212454422.01,CANDIDATE,3.26945,,,,0.96,1.55,0.13,,25.7,3.9,,,,,,,0.276,,
EPIC 212464382.01,CANDIDATE,4.07337,,,,2.76,0.0125,0.01071,,9.7,0.928,,,,,,,0.794,,
EPIC 212495601.01,CANDIDATE,21.6768,,,,4.872,0.0726,0.0262,,31.1,2.87,,,,,,,1.003,,
EPIC 212497862.01,CANDIDATE,6.80213,,,,1.272,0.208,0.044,,37.5,1.82,,,,,,,0.379,,
EPIC 212499835.01,CANDIDATE,6.88385,,,,7.584,1.207,0.1023,,6.78,8.3,,,,,,,0.743,,
EPIC 212499991.01,CANDIDATE,15.3866,,,,2.4,0.0796,0.0292,,37.0,2.41,,,,,,,0.758,,
EPIC 212524671.01,CANDIDATE,11.52898,,,,1.488,0.494,0.0675,,56.9,3.93,,,,,,,0.533,,
EPIC 212525174.01,CANDIDATE,3.44791,,,,1.632,0.048,0.0211,,14.3,1.46,,,,,,,0.637,,
EPIC 212525618.01,CANDIDATE,14.4307,,,,3.0,0.0487,0.0212,,31.5,2.28,,,,,,,0.986,,
EPIC 212529560.01,CANDIDATE,8.12088,,,,3.48,0.0534,0.0224,,15.6,2.69,,,,,,,1.101,,
EPIC 212534729.01,CANDIDATE,13.485,,,,2.88,0.0337,0.0174,,31.3,1.67,,,,,,,0.879,,
EPIC 212535959.01,CANDIDATE,17.732736,,,0.797,8.7,,0.1262,,12.38,23.212,,,,5650.0,4.03,-0.277,1.684,1.114,
EPIC 212540985.01,CANDIDATE,1.096473,,,,3.768,2.977,0.373,,2.319,78.0,,,,,,,1.913,,
EPIC 212555594.02,CANDIDATE,4.162764,,,0.5,1.5504,,0.0168,,,1.5,,,,,,,0.83,,
EPIC 212560683.01,CANDIDATE,13.7043,,,,4.272,0.0158,0.0118,,21.3,1.3,,,,,,,1.014,,
EPIC 212562715.01,CANDIDATE,13.52583,,,,2.76,0.0704,0.0246,,33.8,2.49,,,,,,,0.927,,
EPIC 212563850.01,CANDIDATE,14.311,,,0.0,1.96008,0.0689,0.026248,,,,,,,4076.0,4.66576,,0.614558,0.638,
EPIC 212569876.01,CANDIDATE,21.379793,,,0.169,5.5,,0.0274,,30.03,2.088,,,,4722.0,4.665,-0.248,0.698,0.825,
EPIC 212570977.01,CANDIDATE,8.853025,,,0.43,4.2192,,0.1514,,,14.4,,,,,,,0.87,,
EPIC 212572439.01,CANDIDATE,2.581467,,,0.6,1.6896,,0.0668,,,5.7,,,,,,,0.78,,
EPIC 212577658.01,CANDIDATE,14.06928,,,,3.0048,0.0402,0.01915,,32.4,1.83,,,,,,,0.876,,
EPIC 212579164.01,CANDIDATE,18.155653,,,0.74,3.5904,,0.607,,,55.0,,,,,,,0.83,,
EPIC 212579424.01,CANDIDATE,6.373,,,0.0,1.902,1.7919,0.133861,,,,,,,6518.0,4.57297,,0.991065,1.34,
EPIC 212585579.01,CANDIDATE,3.021944,,,,2.0304,0.1186,0.092,,4.62,10.8,,,,,,,1.082,,
EPIC 212586030.01,CANDIDATE,7.78608,,,,2.472,0.0622,0.0298,,12.5,10.9,,,,,,,3.34,,
EPIC 212590677.01,CANDIDATE,,,,,3.576,1.101,0.175,,,15.2,,,,,,,0.797,,
EPIC 212592101.01,CANDIDATE,4.54462,,,,1.512,0.929,0.125,,15.0,6.6,,,,,,,0.487,,
EPIC 212601505.01,CANDIDATE,0.72436144,,,,1.238,3.564,,,,,,,,3276.0,4.60926,,0.650416,0.627438,
EPIC 212616320.01,CANDIDATE,12.346663,,,0.245,4.6,,0.0212,,20.23,2.345,,,,5685.0,4.371,-0.159,1.011,0.88,
EPIC 212621075.01,CANDIDATE,31.4782,,,,4.488,0.1052,0.0316,,46.6,2.6,,,,,,,0.7556,,
EPIC 212622766.01,CANDIDATE,6.02226,,,,2.088,0.0384,0.019,,18.5,2.02,,,,,,,0.9738,,
EPIC 212634172.01,CANDIDATE,2.851702,,,,0.864,0.488,0.0655,,23.5,2.16,,,,,,,0.303,,
EPIC 212636654.01,CANDIDATE,11.090822,,,0.421,4.1,,0.0168,,19.29,1.818,,,,5763.0,4.259,-0.481,0.989,0.652,
EPIC 212639319.01,CANDIDATE,13.83851,,,,1.4952,0.0882,0.0286,,65.2,8.26,,,,,,,2.65,,
EPIC 212645891.01,CANDIDATE,0.32815384,,,,1.2048,0.2247,0.134,,1.481,17.1,,,,,,,1.168,,
EPIC 212646483.01,CANDIDATE,8.25178,,,,1.1424,0.0954,0.0296,,50.1,6.99,,,,,,,2.161,,
EPIC 212648083.01,CANDIDATE,20.5827,,,,3.72,0.0664,0.0249,,39.2,2.98,,,,,,,1.099,,
EPIC 212652418.01,CANDIDATE,19.1324,,,,3.336,0.0366,0.0186,,39.3,2.73,,,,,,,1.347,,
EPIC 212661144.01,CANDIDATE,2.458783,,,,1.2576,0.0943,0.0295,,13.1,3.11,,,,,,,0.964,,
EPIC 212679181.01,CANDIDATE,1.054604,,,,0.4608,0.0658,0.0252,,14.5,0.824,,,,,,,0.3,,
EPIC 212685467.01,CANDIDATE,,,,,7.32,0.9679,0.231,,,24.0,,,,,,,0.951,,
EPIC 212688722.01,CANDIDATE,5.734172,,,0.728,5.7,,0.0207,,5.47,6.2,,,,5192.0,3.618,-0.447,2.747,1.147,
EPIC 212688920.01,CANDIDATE,62.841,,,0.818,2.02296,5.3463,0.231222,,,,,,,4971.0,4.24294,,1.13363,0.82,
EPIC 212690867.01,CANDIDATE,25.8614,,,,2.976,0.265,0.0491,,61.3,1.58,,,,,,,0.295,,
EPIC 212691727.01,CANDIDATE,6.430383,,,0.186,4.9,,0.0374,,10.32,4.309,,,,5735.0,4.314,-0.179,1.054,0.839,
EPIC 212703473.01,CANDIDATE,6.78882,,,,2.9328,0.02348,0.01436,,15.8,2.8,,,,,,,1.76,,
EPIC 212703473.02,CANDIDATE,18.5159,,,,2.808,0.03067,0.01712,,44.9,3.3,,,,,,,1.76,,
EPIC 212705192.01,CANDIDATE,2.268,,,0.073,1.51512,0.4633,0.068064,,,,,,,5789.0,3.78943,,2.15197,1.04,
EPIC 212712473.01,CANDIDATE,7.264,,,0.101,3.06792,0.3232,0.056852,,,,,,,,,,,,
EPIC 212730483.01,CANDIDATE,3.4914,,,,1.824,0.0376,0.019,,12.1,1.18,,,,,,,0.572,,
EPIC 212735133.01,CANDIDATE,7.685505,,,0.314,2.8,,0.0272,,20.74,2.084,,,,5176.0,4.587,-0.594,0.703,0.695,
EPIC 212743333.01,CANDIDATE,14.78545,,,,1.848,0.1633,0.0385,,54.0,2.62,,,,,,,0.623,,
EPIC 212746655.01,CANDIDATE,34.383193,,,0.826,3.7,,0.0269,,43.44,2.856,,,,5666.0,4.343,-0.137,0.972,0.765,
EPIC 212753343.01,CANDIDATE,19.984217,,,0.398,5.0,,0.0149,,28.65,2.846,,,,6823.0,4.004,-0.224,1.753,1.62,
EPIC 212757601.01,CANDIDATE,1.017977,,,,2.0808,1.396,0.259,,2.85,18.1,,,,,,,0.638,,
EPIC 212771557.01,CANDIDATE,8.491003,,,0.444,2.9,,0.0243,,20.96,2.228,,,,5432.0,4.51,-0.13,0.841,0.836,
EPIC 212772113.01,CANDIDATE,8.95366,,,,0.8952,0.142,0.0361,,68.0,3.32,,,,,,,0.841,,
EPIC 212772313.01,CANDIDATE,37.361973,,,,,,0.022525,87.2882,19.870685,2.74426869,,,,5675.0,4.25,0.03,1.116937,,
EPIC 212783902.01,CANDIDATE,24.748442,,,0.538,2.9,,0.2398,,74.15,16.683,,,,5803.0,4.637,-0.235,0.637,0.633,
EPIC 212796016.01,CANDIDATE,3.216,,,0.0,1.34304,0.0308,0.01754,,,,,,,3954.0,4.63225,,0.622576,0.60613,
EPIC 212797028.01,CANDIDATE,29.978884,,,0.85,6.3696,,0.1481,,,15.3,,,,,,,0.94,,
EPIC 212813907.01,CANDIDATE,6.72511,,,,1.0824,0.28,0.0509,,42.8,4.37,,,,,,,0.787,,
EPIC 212817071.01,CANDIDATE,12.24568,,,0.552,2.8,,0.0236,,28.46,2.047,,,,5329.0,4.573,-0.011,0.796,0.871,
EPIC 212821706.01,CANDIDATE,13.8883,,,,3.336,0.0558,0.0226,,28.3,1.46,,,,,,,0.592,,
EPIC 212830737.01,CANDIDATE,26.939433,,,0.411,5.4,,0.0258,,35.48,2.869,,,,5716.0,4.312,-0.217,1.02,0.776,
EPIC 212833814.01,CANDIDATE,27.7985,,,,11.64,0.0255,0.01524,,16.3,2.47,,,,,,,1.484,,
EPIC 212839127.01,CANDIDATE,20.641492,,,1.11,4.0296,,0.431,,,49.5,,,,,,,1.05,,
EPIC 212844216.01,CANDIDATE,12.634794,,,0.994,6.5,,0.0424,,4.7,47.553,,,,4999.0,2.32,-1.432,10.265,0.805,
EPIC 212865617.01,CANDIDATE,7.535783,,,0.361,2.3,,0.0435,,24.66,3.131,,,,3990.0,4.718,-0.089,0.659,14.336,
EPIC 212870185.01,CANDIDATE,6.116238,,,0.54,2.5,,0.029,,16.14,4.886,,,,6283.0,4.154,-0.268,1.544,1.235,
EPIC 212883391.01,CANDIDATE,9.668373,,,0.776,2.3,,0.0295,,22.08,2.628,,,,5368.0,4.527,-0.206,0.817,0.826,
EPIC 213123443.01,CANDIDATE,0.546127,,,,3.168,0.03923,0.072,,1.137,11.3,,,,,,,1.447,,
EPIC 213408445.01,CANDIDATE,2.49686,,,,6.816,0.0692,0.072,,1.419,90.0,,,,,,,11.0,,
EPIC 213462890.01,CANDIDATE,5.84643,,,,1.968,1.521,0.136,,17.5,10.4,,,,,,,0.698,,
EPIC 213546283.01,CANDIDATE,9.7706,,,,3.228,0.0988,0.0292,,21.1,3.8,,,,,,,1.195,,
EPIC 213703832.01,CANDIDATE,0.515513,,,0.69,1.3104,,0.0409,,,3.4,,,,,,,0.75,,
EPIC 213722591.01,CANDIDATE,6.7826,,,,2.712,0.0633,0.0245,,16.6,1.88,,,,,,,0.705,,
EPIC 213748480.01,CANDIDATE,3.12951,,,,3.96,0.0898,0.086,,2.52,18.6,,,,,,,1.99,,
EPIC 213817056.01,CANDIDATE,13.61242,,,,3.024,0.1453,0.0351,,32.3,3.03,,,,,,,0.793,,
EPIC 213840781.01,CANDIDATE,12.364531,,,1.03,2.8608,,0.4363,,,36.3,,,,,,,0.76,,
EPIC 213919434.01,CANDIDATE,6.79867,,,,2.76,0.0436,0.0254,,10.8,4.4,,,,,,,1.601,,
EPIC 213919915.01,CANDIDATE,1.489154,,,,1.512,0.00562,0.00724,,6.5,1.9,,,,,,,2.4,,
EPIC 213920015.01,CANDIDATE,1.489184,,,0.5,1.4592,,0.0104,,,1.0,,,,,,,0.87,,
EPIC 214173069.02,CANDIDATE,14.1297,,,,3.528,0.0383,0.0186,,27.2,1.4,,,,,,,0.69,,
EPIC 214234110.01,CANDIDATE,4.63789,,,,1.0656,0.0362,0.0183,,28.8,2.04,,,,,,,1.021,,
EPIC 214254518.01,CANDIDATE,5.059033,,,,,,0.015256,88.10206,14.421271,1.03801946,,,,4455.0,4.68,-0.28,0.623766,,
EPIC 214512594.01,CANDIDATE,1.876899,,,,4.0464,2.409,0.1564,,3.243,13.2,,,,,,,0.774,,
EPIC 214522613.01,CANDIDATE,10.99044,,,,,,0.024,88.86,36.32,1.16,,,,3584.0,4.73663,,0.500884,0.498929,
EPIC 214611894.01,CANDIDATE,21.568409,,,0.11,4.0704,,0.1557,,,20.5,,,,,,,1.21,,
EPIC 214630761.01,CANDIDATE,1.236438,,,,2.4912,0.2554,0.143,,2.18,50.0,,,,,,,3.2,,
EPIC 214741009.01,CANDIDATE,7.269213,,,,2.6448,0.922,0.215,,13.32,163.0,,,,,,,6.93,,
EPIC 214888033.01,CANDIDATE,7.457597,,,,1.872,0.573,0.077,,24.8,8.7,,,,,,,1.037,,
EPIC 214912104.01,CANDIDATE,43.1029,,,,22.896,0.3263,0.058,,11.37,12.2,,,,,,,1.923,,
EPIC 214984368.01,CANDIDATE,0.2633809,,,,2.196,0.06034,0.09,,1.108,370.0,,,,,,,37.7,,
EPIC 215101303.01,CANDIDATE,15.20726,,,,3.6672,2.411,0.1514,,31.6,26.2,,,,,,,1.59,,
EPIC 215125108.01,CANDIDATE,0.738067,,,,2.928,0.0902,0.095,,1.312,260.0,,,,,,,25.0,,
EPIC 215171927.01,CANDIDATE,4.13556,,,,2.208,0.032,0.0173,,12.6,1.44,,,,,,,0.761,,
EPIC 215171927.02,CANDIDATE,6.63107,,,,2.28,0.036,0.0184,,19.6,1.52,,,,,,,0.761,,
EPIC 215175768.01,CANDIDATE,1.726115,,,,3.096,0.0589,0.061,,1.72,5.6,,,,,,,0.839,,
EPIC 215234145.01,CANDIDATE,1.2539936,,,,2.1264,1.3183,0.306,,3.586,31.7,,,,,,,0.948,,
EPIC 215353525.01,CANDIDATE,0.9085915,,,,1.9176,0.845,0.223,,2.586,23.1,,,,,,,0.95,,
EPIC 215358983.01,CANDIDATE,6.421719,,,0.11,6.12,,0.1279,,,15.3,,,,,,,1.1,,
EPIC 215364084.01,CANDIDATE,2.74324,,,,5.928,0.135,0.0526,,1.77,28.0,,,,,,,4.88,,
EPIC 215381481.01,CANDIDATE,0.533393,,,,1.992,0.02063,0.01206,,2.03,19.5,,,,,,,14.8,,
EPIC 215389654.01,CANDIDATE,23.510811,,,0.2,8.58,,0.1741,,,18.4,,,,,,,0.97,,
EPIC 215502661.01,CANDIDATE,21.521554,,,,,,0.018965,87.72665,20.697925,2.40003126,,,,5694.0,4.22,0.0,1.160188,,
EPIC 215525178.01,CANDIDATE,5.33988,,,,1.8,0.039,0.019,,19.8,1.27,,,,,,,0.611,,
EPIC 215714765.01,CANDIDATE,6.689131,,,,2.46,1.728,0.271,,15.11,29.9,,,,,,,1.011,,
EPIC 215717520.01,CANDIDATE,,,,,12.3336,3.847,0.16958,,,13.66,,,,,,,0.738,,
EPIC 215739094.01,CANDIDATE,3.6322288,,,,7.2096,1.3613,0.11044,,4.123,32.2,,,,,,,2.67,,
EPIC 215816368.01,CANDIDATE,10.14588,,,,5.3592,2.558,0.1488,,16.18,19.43,,,,,,,1.198,,
EPIC 215854715.01,CANDIDATE,11.12366,,,,3.576,0.0427,0.0198,,21.3,1.8,,,,,,,0.8327,,
EPIC 215894766.01,CANDIDATE,,,,,4.68,2.4814,0.338,,,57.0,,,,,,,1.532,,
EPIC 215938010.01,CANDIDATE,1.15144,,,0.97,,,0.0264,,1.97,,,,,5809.0,,,1.91,,
EPIC 216050437.01,CANDIDATE,14.94889,,,,3.2424,0.3574,0.119,,16.8,21.9,,,,,,,1.69,,
EPIC 216111905.01,CANDIDATE,3.0203,,,,5.16,0.0375,0.041,,1.66,5.6,,,,,,,1.265,,
EPIC 216114172.01,CANDIDATE,13.12227,,,,3.936,0.0367,0.01849,,22.8,2.02,,,,,,,1.004,,
EPIC 216166748.01,CANDIDATE,19.68075,,,,4.32,0.0497,0.02165,,31.6,2.55,,,,,,,1.079,,
EPIC 216212516.01,CANDIDATE,3.38492,,,,0.8568,0.0722,0.0258,,26.5,1.48,,,,,,,0.528,,
EPIC 216231580.01,CANDIDATE,3.90518,,,,3.444,1.573,0.1168,,9.09,16.3,,,,,,,1.282,,
EPIC 216334329.01,CANDIDATE,28.077484,,,1.35,3.6192,,0.3999,,,67.3,,,,,,,1.54,,
EPIC 216357880.01,CANDIDATE,11.86386,,,,3.768,0.0605,0.0239,,20.7,2.21,,,,,,,0.848,,
EPIC 216363472.01,CANDIDATE,8.6929,,,,3.768,0.0248,0.0154,,14.3,1.81,,,,,,,1.079,,
EPIC 216387101.01,CANDIDATE,9.761854,,,,,,0.01782,86.84458,12.668355,3.4422482,,,,5529.0,3.91,-0.22,1.770928,,
EPIC 216876207.01,CANDIDATE,32.3204,,,,8.88,0.609,0.122,,16.2,3.3,,,,,,,0.245,,
EPIC 216892056.01,CANDIDATE,2.786008,,,0.46,0.4992,,0.0413,,,1.9,,,,,,,0.42,,
EPIC 217084873.01,CANDIDATE,8.60133,,,,4.0536,0.2804,0.0479,,16.0,5.31,,,,,,,1.016,,
EPIC 217084873.02,CANDIDATE,29.8411,,,,5.28,0.2388,0.0472,,38.6,5.23,,,,,,,1.016,,
EPIC 217149884.01,CANDIDATE,16.692356,,,0.54,5.5296,,0.1733,,,17.0,,,,,,,0.9,,
EPIC 217231249.01,CANDIDATE,4.833191,,,,4.8,1.8419,0.1257,,8.54,25.31,,,,,,,1.8456,,
EPIC 217393088.01,CANDIDATE,1.3194719,,,,3.1872,1.2036,0.1004,,3.488,14.3,,,,,,,1.31,,
EPIC 217855533.01,CANDIDATE,21.587326,,,,,,0.011133,89.11339,31.277472,1.78061635,,,,6244.0,4.11,-0.06,1.466377,,
EPIC 218170789.01,CANDIDATE,3.04108,,,,3.84,0.0563,0.057,,2.21,11.9,,,,,,,1.91,,
EPIC 218195416.01,CANDIDATE,0.4951253,,,,2.5608,0.08276,0.141,,1.272,28.8,,,,,,,1.87,,
EPIC 218300572.01,CANDIDATE,1.589843,,,,2.388,0.1741,0.114,,2.51,49.0,,,,,,,3.93,,
EPIC 218304292.01,CANDIDATE,8.42177,,,,0.6984,0.0837,0.0273,,84.0,3.13,,,,,,,1.0511,,
EPIC 218332621.01,CANDIDATE,9.811589,,,0.707,4.4,,0.0207,,12.64,4.253,,,,5953.0,4.066,-0.162,1.882,1.506,
EPIC 218621322.01,CANDIDATE,11.587502,,,1.17,3.9,,0.202,,,21.9,,,,,,,1.0,,
EPIC 218695436.01,CANDIDATE,1.549318,,,,4.0176,3.789,0.235,,3.027,42.6,,,,,,,1.67,,
EPIC 218701083.01,CANDIDATE,5.0521,,,,,,,89.9891,,2.1388,0.0529,,1073.998,6262.0,4.178,-0.184,1.476,1.198,
EPIC 218709665.01,CANDIDATE,1.9363475,,,,2.2704,2.4595,0.25,,5.02,46.0,,,,,,,1.687,,
EPIC 218711655.01,CANDIDATE,1.157563,,,1.29,0.0,,0.0777,,,12.3,,,,,,,1.46,,
EPIC 218874453.01,CANDIDATE,2.17469,,,,1.08,0.0251,0.0152,,13.6,1.8,,,,,,,1.083,,
EPIC 218901589.01,CANDIDATE,1.658223,,,,2.904,0.01093,0.00867,,4.12,0.867,,,,,,,0.917,,
EPIC 218952024.01,CANDIDATE,0.56007,,,,2.448,0.01663,0.0348,,1.103,1.67,,,,,,,0.441,,
EPIC 218973982.01,CANDIDATE,4.88451,,,,3.0,1.647,0.202,,9.06,16.1,,,,,,,0.73,,
EPIC 219111248.01,CANDIDATE,4.35967,,,,1.8576,0.1568,0.0379,,16.9,2.31,,,,,,,0.559,,
EPIC 219114906.01,CANDIDATE,1.81053,,,,1.68,0.0326,0.0173,,7.2,1.024,,,,,,,0.543,,
EPIC 219256848.01,CANDIDATE,20.94388,,,,3.672,0.4736,0.125,,22.7,170.0,,,,,,,12.43,,
EPIC 219266595.01,CANDIDATE,0.944284,,,,4.032,0.0271,0.0199,,1.2,1.48,,,,,,,0.684,,
EPIC 219388192.01,CANDIDATE,5.292627,,,,3.2952,1.0517,0.09517,,13.21,10.98,,,,,,,1.058,,
EPIC 219420915.01,CANDIDATE,0.5150196,,,,1.9752,0.602,0.27,,1.756,36.2,,,,,,,1.23,,
EPIC 219480273.01,CANDIDATE,26.4837,,,,6.048,0.0201,0.0132,,29.4,1.98,,,,,,,1.378,,
EPIC 219610716.01,CANDIDATE,2.08807,,,,3.072,0.0717,0.0255,,4.51,12.4,,,,,,,4.44,,
EPIC 219747794.01,CANDIDATE,34.3797,,,,3.912,1.943,0.268,,50.0,118.0,,,,,,,4.0,,
EPIC 219747794.02,CANDIDATE,15.6594,,,,6.864,0.253,0.084,,8.2,37.0,,,,,,,4.0,,
EPIC 219760360.01,CANDIDATE,1.4095126,,,,3.2904,1.908,0.353,,2.978,70.0,,,,,,,1.82,,
EPIC 220168663.01,CANDIDATE,3.22513,,,,1.68,0.24,0.0489,,12.3,2.33,,,,,,,0.437,,
EPIC 220170303.02,CANDIDATE,4.9234,,,,2.016,0.021,0.014,,15.6,1.18,,,,,,,0.776,,
EPIC 220173278.01,CANDIDATE,8.03216,,,,5.808,0.01484,0.01198,,9.1,2.42,,,,,,,1.85,,
EPIC 220187552.01,CANDIDATE,17.093319,,,,2.268,2.8067,0.38,,46.7,17.7,,,,,,,0.426,,
EPIC 220192485.01,CANDIDATE,50.69369,,,,4.4328,1.1041,0.1039,,75.8,8.85,,,,,,,0.781,,
EPIC 220198551.01,CANDIDATE,0.7988453,,,,1.0968,0.1357,0.079,,2.41,6.2,,,,,,,0.728,,
EPIC 220201207.01,CANDIDATE,0.4378443,,,,2.2248,0.553,0.293,,1.563,41.0,,,,,,,1.3,,
EPIC 220204960.01,CANDIDATE,13.26931,,,,3.7128,0.3648,0.194,,15.85,23.8,,,,,,,1.127,,
EPIC 220207765.01,CANDIDATE,7.12113,,,,1.944,0.0482,0.0214,,25.3,1.99,,,,,,,0.853,,
EPIC 220209578.01,CANDIDATE,8.904672,,,,3.0864,1.232,0.236,,14.77,26.1,,,,,,,1.014,,
EPIC 220228500.01,CANDIDATE,2.504853,,,,2.2392,0.1806,0.0401,,8.04,3.95,,,,,,,0.905,,
EPIC 220245303.01,CANDIDATE,3.68047,,,,2.112,0.0191,0.0131,,11.4,1.11,,,,,,,0.777,,
EPIC 220256496.02,CANDIDATE,2.6017,,,,1.68,0.0285,0.0161,,10.3,1.47,,,,,,,0.839,,
EPIC 220258394.01,CANDIDATE,15.960128,,,0.7,4.8888,,0.2049,,,19.5,,,,,,,0.87,,
EPIC 220260084.01,CANDIDATE,16.9616,,,,5.424,0.0413,0.0194,,21.5,2.7,,,,,,,1.277,,
EPIC 220263105.01,CANDIDATE,0.7175747,,,,1.524,2.514,0.315,,3.1,28.1,,,,,,,0.818,,
EPIC 220267210.01,CANDIDATE,5.1645,,,,2.112,0.0867,0.0282,,16.9,0.784,,,,,,,0.255,,
EPIC 220275625.01,CANDIDATE,3.44795,,,,1.752,0.0715,0.0268,,12.1,0.97,,,,,,,0.332,,
EPIC 220280237.01,CANDIDATE,,,,,4.368,1.408,0.274,,,36.0,,,,,,,1.208,,
EPIC 220282718.01,CANDIDATE,0.5551606,,,,1.0632,0.11,0.063,,1.82,11.4,,,,,,,1.657,,
EPIC 220287611.01,CANDIDATE,6.26242,,,,2.232,0.0628,0.0244,,19.3,2.03,,,,,,,0.762,,
EPIC 220288191.01,CANDIDATE,24.4131,,,,2.04,1.72,0.22,,69.5,15.3,,,,,,,0.64,,
EPIC 220288594.01,CANDIDATE,4.02748,,,,1.248,0.0399,0.0193,,21.8,1.24,,,,,,,0.5901,,
EPIC 220290988.01,CANDIDATE,10.55369,,,,3.768,0.0906,0.0283,,18.9,2.72,,,,,,,0.88,,
EPIC 220292715.01,CANDIDATE,41.55209,,,,2.952,0.3044,0.054,,89.0,4.3,,,,,,,0.73,,
EPIC 220294712.01,CANDIDATE,23.6088,,,,6.0,0.0783,0.0261,,27.8,3.43,,,,,,,1.203,,
EPIC 220299658.01,CANDIDATE,21.98131,,,0.792,4.6,,0.0805,,27.08,197.025,,,,4491.0,1.773,-0.794,22.415,1.077,
EPIC 220309058.01,CANDIDATE,9.64954,,,,1.0056,0.19,0.0423,,68.0,2.74,,,,,,,0.593,,
EPIC 220315508.01,CANDIDATE,6.5534,,,,2.52,0.01924,0.01331,,17.6,1.11,,,,,,,0.766,,
EPIC 220316844.01,CANDIDATE,0.6719977,,,,1.716,0.2257,0.129,,1.785,25.2,,,,,,,1.79,,
EPIC 220317172.01,CANDIDATE,4.4358,,,,0.936,0.0197,0.0135,,31.1,1.3,,,,,,,0.879,,
EPIC 220322327.01,CANDIDATE,3.31347,,,,2.976,0.0775,0.042,,3.32,3.8,,,,,,,0.824,,
EPIC 220336320.01,CANDIDATE,1.72767,,,1.17,1.3704,,0.5253,,,21.3,,,,,,,0.37,,
EPIC 220342163.01,CANDIDATE,4.69942,,,,3.792,0.0601,0.038,,3.46,2.5,,,,,,,0.605,,
EPIC 220393791.01,CANDIDATE,12.7256,,,,3.432,0.0425,0.0198,,25.0,2.16,,,,,,,1.001,,
EPIC 220395416.01,CANDIDATE,45.4939,,,,8.28,0.1221,0.0404,,19.3,7.17,,,,,,,1.626,,
EPIC 220397060.01,CANDIDATE,12.09259,,,,8.712,0.3608,0.0548,,10.61,14.7,,,,,,,2.46,,
EPIC 220400100.01,CANDIDATE,10.7946,,,,3.336,0.1344,0.0347,,23.0,2.34,,,,,,,0.618,,
EPIC 220400100.02,CANDIDATE,4.06643,,,,1.56,0.035,0.0181,,17.2,1.22,,,,,,,0.618,,
EPIC 220400525.01,CANDIDATE,57.8396,,,,6.552,0.899,0.123,,41.5,9.8,,,,,,,0.729,,
EPIC 220401029.01,CANDIDATE,4.49161,,,,2.64,0.0538,0.0224,,11.1,2.01,,,,,,,0.823,,
EPIC 220410754.01,CANDIDATE,19.4989,,,,4.608,0.0402,0.0196,,27.3,2.32,,,,,,,1.085,,
EPIC 220416518.01,CANDIDATE,3.78177,,,,2.448,0.0249,0.0151,,10.2,1.81,,,,,,,1.095,,
EPIC 220431824.01,CANDIDATE,9.073266,,,,6.9456,1.7165,0.1213,,10.99,23.32,,,,,,,1.763,,
EPIC 220434612.01,CANDIDATE,2.010607,,,0.133,1.8,,0.019,,8.85,1.28,,,,3806.0,4.641,-0.307,0.618,0.61,
EPIC 220436189.01,CANDIDATE,13.6094,,,,2.784,0.168,0.0396,,33.3,2.44,,,,,,,0.564,,
EPIC 220436208.01,CANDIDATE,5.23587,,,,3.672,0.1336,0.0357,,8.9,4.86,,,,,,,1.248,,
EPIC 220436943.01,CANDIDATE,2.43807,,,,1.416,0.1079,0.0315,,11.7,2.15,,,,,,,0.625,,
EPIC 220443340.01,CANDIDATE,6.80111,,,,1.176,0.415,0.0617,,41.6,1.96,,,,,,,0.291,,
EPIC 220448185.01,CANDIDATE,0.728639,,,0.67,0.3696,,0.2287,,,17.2,,,,,,,0.69,,
EPIC 220466136.01,CANDIDATE,17.1057,,,,3.432,1.006,0.0915,,38.9,5.91,,,,,,,0.592,,
EPIC 220470563.01,CANDIDATE,7.30383,,,,1.3704,0.0849,0.0279,,36.7,2.18,,,,,,,0.715,,
EPIC 220477223.01,CANDIDATE,4.684559,,,0.625,2.9,,0.0368,,10.18,4.757,,,,5829.0,4.244,0.027,1.184,0.901,
EPIC 220482322.01,CANDIDATE,57.8415,,,,8.16,0.1602,0.0376,,50.3,6.13,,,,,,,1.495,,
EPIC 220492492.01,CANDIDATE,9.4538,,,,4.92,0.0375,0.0188,,12.4,1.91,,,,,,,0.932,,
EPIC 220526079.01,CANDIDATE,7.51114,,,,2.4,0.193,0.0425,,20.8,2.98,,,,,,,0.643,,
EPIC 220527374.01,CANDIDATE,10.4347,,,,3.456,0.039,0.019,,19.7,1.69,,,,,,,0.816,,
EPIC 220542353.01,CANDIDATE,15.246593,,,1.06,3.7608,,0.3744,,,78.0,,,,,,,1.91,,
EPIC 220555384.01,CANDIDATE,4.28446,,,,1.1952,0.0424,0.0194,,24.8,1.98,,,,,,,0.934,,
EPIC 220556827.01,CANDIDATE,6.53046,,,,2.4,0.22,0.0445,,19.2,3.36,,,,,,,0.692,,
EPIC 220562610.01,CANDIDATE,,,,,11.64,0.2809,0.049,,,6.71,,,,,,,1.256,,
EPIC 220565337.01,CANDIDATE,14.753,,,,2.328,0.251,0.0486,,44.7,3.0,,,,,,,0.5666,,
EPIC 220565349.01,CANDIDATE,21.77635,,,,2.1696,2.843,0.306,,60.8,37.0,,,,,,,1.122,,
EPIC 220571481.01,CANDIDATE,8.78627,,,,1.392,0.0645,0.0244,,41.1,3.16,,,,,,,1.184,,
EPIC 220573228.01,CANDIDATE,57.10412,,,,5.1696,0.3222,0.0529,,82.6,5.61,,,,,,,0.971,,
EPIC 220573228.02,CANDIDATE,20.21535,,,,3.408,0.0661,0.0246,,41.2,2.61,,,,,,,0.971,,
EPIC 220579319.01,CANDIDATE,39.3266,,,,8.28,0.063,0.0243,,33.3,3.57,,,,,,,1.346,,
EPIC 220598367.02,CANDIDATE,7.64514,,,,2.592,0.2285,0.056,,12.3,6.5,,,,,,,1.06,,
EPIC 220605820.01,CANDIDATE,46.47688,,,,6.504,1.5,0.238,,38.1,62.0,,,,,,,2.394,,
EPIC 220606084.01,CANDIDATE,,,,,8.16,0.4902,0.0665,,,12.32,,,,,,,1.698,,
EPIC 220616148.01,CANDIDATE,6.73511,,,,4.992,0.0661,0.0304,,4.7,3.9,,,,,,,1.167,,
EPIC 220616148.02,CANDIDATE,15.1563,,,,4.92,0.0622,0.0237,,20.4,3.01,,,,,,,1.167,,
EPIC 220631484.01,CANDIDATE,13.26773,,,,1.056,0.1965,0.0456,,74.0,4.04,,,,,,,0.813,,
EPIC 220639177.01,CANDIDATE,7.14238,,,,1.152,0.0589,0.0236,,41.2,1.75,,,,,,,0.679,,
EPIC 220643470.01,CANDIDATE,2.653275,,,,3.9168,0.14384,0.0434,,2.566,118.0,,,,,,,24.8,,
EPIC 220644522.01,CANDIDATE,40.938,,,,6.552,0.1009,0.0302,,44.9,3.57,,,,,,,1.083,,
EPIC 220648214.01,CANDIDATE,29.435233,,,,,,0.022292,89.32575,42.031101,2.91662791,,,,5785.0,4.21,0.01,1.199507,,
EPIC 220650843.01,CANDIDATE,10.22657,,,,3.336,0.1552,0.0365,,21.0,2.71,,,,,,,0.681,,
EPIC 220657558.01,CANDIDATE,3.91764,,,,2.496,0.0419,0.02,,10.0,2.94,,,,,,,1.35,,
EPIC 220663602.01,CANDIDATE,6.4063,,,,1.728,0.19,0.0418,,25.4,0.888,,,,,,,0.195,,
EPIC 220666631.01,CANDIDATE,31.9761,,,,5.928,0.0653,0.0246,,35.7,3.92,,,,,,,1.461,,
EPIC 220679255.01,CANDIDATE,8.1344,,,,1.92,0.0389,0.0188,,28.8,2.36,,,,,,,1.153,,
EPIC 220679255.02,CANDIDATE,17.78804,,,,1.68,0.0527,0.0221,,69.0,2.78,,,,,,,1.153,,
EPIC 220708327.01,CANDIDATE,2.52894,,,,1.8,0.0204,0.0137,,9.2,1.44,,,,,,,0.962,,
EPIC 220725183.01,CANDIDATE,2.311162,,,0.88,4.0296,,0.3002,,,51.6,,,,,,,1.58,,
EPIC 226042826.01,CANDIDATE,3.128977,,,0.166,3.3,,0.012,,7.22,1.282,,,,5140.0,4.625,0.035,0.976,1.478,
EPIC 228707509.01,CANDIDATE,15.35092,,,0.63,3.6,2.386,0.1505,,25.3,16.31,,734.0,,5417.0,4.46174,,0.943467,0.94,
EPIC 228720681.01,CANDIDATE,15.78132,,,0.68,3.4008,1.028,0.0982,,26.1,10.87,,741.0,,,,,,,
EPIC 228724899.01,CANDIDATE,5.20256,,,0.42,1.3992,0.113,0.0338,,26.2,3.58,,1000.0,,5489.0,4.42401,,0.995782,0.96,
EPIC 228734889.01,CANDIDATE,48.249552,,,,,,0.172572,89.5535,67.9612,17.99855135,,,,5792.0,4.52,0.0,0.956171,,
EPIC 228737155.01,CANDIDATE,25.988289,,,,,,0.182018,67.06256,2.981088,316.73370059,,,,4382.0,2.07,-0.72,15.95329,,
EPIC 228753871.01,CANDIDATE,18.69646,,,0.42,2.2008,0.082,0.0278,,65.6,2.35,,571.0,,5212.0,4.62123,,0.764037,0.89,
EPIC 228758948.01,CANDIDATE,12.20239,,,0.4,4.0008,0.128,0.037,,22.2,4.15,,812.0,,5869.0,4.45328,,1.01169,1.06,
EPIC 228784812.01,CANDIDATE,4.18787,,,0.56,2.2008,0.014,0.0124,,12.5,1.36,,1142.0,,5589.98,4.45714,0.211,0.972391,0.988,
EPIC 228809391.01,CANDIDATE,19.57833,,,0.42,2.5992,0.1,0.0272,,52.5,2.77,,644.0,,5613.0,4.4869,,0.940594,0.99,
EPIC 228814754.01,CANDIDATE,0.844548,,,0.165,0.58,,0.0558,,11.47,1.005,,,,3109.0,5.13,-0.096,0.165,0.133,
EPIC 228834632.01,CANDIDATE,11.73677,,,0.21,2.1,0.111,0.027,,35.6,1.82,,516.0,,3984.72,4.469,-0.148,0.761077,0.622,
EPIC 228846243.01,CANDIDATE,25.58142,,,0.47,5.4,0.22,0.0406,,22.2,8.35,,914.0,,5409.94,3.84995,-0.027,1.9082,0.94,
EPIC 228872473.01,CANDIDATE,10.583942,,,0.259,3.8,,0.0285,,21.39,2.72,,,,5280.0,4.531,0.148,0.874,0.947,
EPIC 228888935.01,CANDIDATE,5.69046,,,0.76,3.3,0.533,0.0881,,8.1,18.81,,1503.0,,5549.0,3.91446,,1.80891,0.98,
EPIC 228952747.01,CANDIDATE,1.055785,,,,,,0.023503,89.13006,35.802301,1.51966184,,,,4315.0,4.73,-0.33,0.592773,,
EPIC 228964773.01,CANDIDATE,37.20364,,,0.42,3.1008,0.28,0.0543,,55.7,5.1,,498.0,,5476.0,4.58278,,0.829429,0.96,
EPIC 228974907.01,CANDIDATE,20.84919,,,0.41,4.9992,0.01,0.0103,,33.9,3.01,,1349.0,,9767.0,4.08394,,2.37225,2.49,
EPIC 229039390.01,CANDIDATE,0.251647,,,,,,0.259882,38.73374,1.4649,27.97665274,,,,5833.0,4.41,-0.04,0.986936,,
EPIC 229103251.01,CANDIDATE,11.67254,,,0.44,3.1008,0.114,0.0283,,28.3,3.87,,946.0,,5725.0,4.26894,,1.22705,1.02,
EPIC 229133720.01,CANDIDATE,4.03692,,,0.36,1.5,0.091,0.0285,,13.4,2.24,,870.0,,4861.07,4.60421,-0.034,0.735009,0.792,
EPIC 229228348.01,CANDIDATE,3.137611,,,,1.7208,3.671,0.1713,,15.6,,,,,3579.0,4.8253,,0.452762,0.5,
EPIC 230517965.01,CANDIDATE,9.632039,,,0.951,0.98,,0.0299,,29.38,2.279,,,,4646.0,4.608,-0.117,0.697,0.722,
EPIC 236744423.01,CANDIDATE,18.239311,,,0.189,4.3,,0.0728,,33.92,3.792,,,,4015.0,4.809,-0.12,0.477,1.621,
EPIC 245928102.01,CANDIDATE,11.109675,,,0.462,2.6,,0.0343,,30.18,2.462,,,,4813.0,4.66,-0.368,0.657,0.717,
EPIC 245944983.01,CANDIDATE,5.138,,,,,0.073,,,,,,,,,,,,,
EPIC 246030759.01,CANDIDATE,29.957262,,,0.891,2.9,,0.1089,,52.05,8.456,,,,4897.0,4.695,-0.12,0.711,0.909,
EPIC 246042088.01,CANDIDATE,8.04473,,,0.24,,,0.0362,,20.0,,,,,4975.0,,,0.79,,
EPIC 246042088.02,CANDIDATE,11.82469,,,0.105,,,0.0399,,24.43,,,,,4975.0,,,0.79,,
EPIC 246061904.01,CANDIDATE,7.084267,,,0.331,3.0,,0.0461,,17.8,3.848,,,,4572.0,4.617,-0.051,0.765,0.881,
EPIC 246061904.02,CANDIDATE,20.676056,,,0.319,3.9,,0.0395,,39.92,3.302,,,,4572.0,4.617,-0.051,0.765,0.881,
EPIC 246067130.01,CANDIDATE,6.786539,,,0.573,2.9,,0.0113,,15.08,1.2,,,,5866.0,4.361,-0.422,0.975,0.795,
EPIC 246088339.01,CANDIDATE,2.988541,,,0.575,2.4,,0.0314,,8.28,3.504,,,,5761.0,4.364,-0.063,1.023,0.877,
EPIC 246120353.01,CANDIDATE,21.436032,,,0.344,3.0,,0.0487,,54.15,2.486,,,,3627.0,4.767,0.091,0.467,0.466,
EPIC 246178445.01,CANDIDATE,6.39595,,,0.17,,,0.01991,,17.8,,,,,3972.0,,,0.68,,
EPIC 246260670.01,CANDIDATE,3.853494,,,0.868,2.4,,0.0856,,8.09,6.957,,,,4459.0,4.619,-0.095,0.744,0.838,
EPIC 246261316.01,CANDIDATE,4.696045,,,0.319,2.4,,0.0301,,14.47,2.57,,,,5003.0,4.605,0.049,0.782,0.907,
EPIC 246265680.01,CANDIDATE,8.6387,,,0.19,,,0.0837,,12.04,,,,,5120.0,,,0.647,,
EPIC 246270904.01,CANDIDATE,3.98547,,,0.43,,,0.0562,,15.1,,,,,4256.0,,,0.72,,
EPIC 246290342.01,CANDIDATE,16.607299,,,0.254,3.7,,0.0307,,34.3,2.532,,,,4878.0,4.685,-0.05,0.756,1.011,
EPIC 246310303.01,CANDIDATE,16.980197,,,0.329,4.1,,0.0282,,31.02,2.705,,,,5319.0,4.482,-0.14,0.879,0.852,
EPIC 246313886.01,CANDIDATE,1.827,,,0.43,,0.035,,87.19,,0.99,0.0187,986.0,,3949.0,4.753,,0.503,0.523,
EPIC 246317113.01,CANDIDATE,1.29655,,,0.143,2.1,,0.1338,,5.33,8.559,,,,3583.0,4.645,-0.361,0.586,0.54,
EPIC 246325464.01,CANDIDATE,3.379516,,,0.803,2.1,,0.0586,,8.52,4.742,,,,4940.0,4.585,-0.125,0.741,0.767,
EPIC 246331347.01,CANDIDATE,1.082,,,0.46,,0.162,,86.19,,2.22,0.0162,928.0,,3408.0,4.399,,0.516,0.245,
EPIC 246331418.01,CANDIDATE,3.35,,,0.44,,0.063,,88.21,,0.97,0.0266,851.0,,4408.0,4.617,,0.427,0.276,
EPIC 246331418.02,CANDIDATE,9.32,,,0.44,,0.109,,89.3,,1.43,0.0724,516.0,,4408.0,4.617,,0.427,0.276,
EPIC 246356732.01,CANDIDATE,13.9145,,,0.42,,,0.01276,,19.0,,,,,6640.0,,,1.6,,
EPIC 246362870.01,CANDIDATE,4.03776,,,0.33,,,0.0374,,16.0,,,,,4689.0,,,0.58,,
EPIC 246366798.01,CANDIDATE,7.539949,,,0.272,4.0,,0.0191,,14.02,2.511,,,,5661.0,4.338,-0.128,1.205,1.157,
EPIC 246377038.01,CANDIDATE,5.10555,,,0.919,1.8,,0.0899,,12.95,10.889,,,,4938.0,4.621,-0.074,1.109,1.873,
EPIC 246380972.01,CANDIDATE,17.768404,,,0.388,3.3,,0.0335,,39.52,2.787,,,,4961.0,4.667,-0.154,0.763,0.98,
EPIC 246405278.01,CANDIDATE,4.464438,,,0.635,3.5,,0.0395,,8.04,6.184,,,,5894.0,4.145,-0.084,1.434,1.046,
EPIC 246429728.01,CANDIDATE,11.416439,,,0.484,2.0,,0.0616,,41.83,3.034,,,,3668.0,4.826,0.205,0.451,0.496,
EPIC 246448041.01,CANDIDATE,7.21084,,,0.622,3.1,,0.0197,,14.5,2.26,,,,5739.0,4.286,-0.187,1.053,0.787,
EPIC 246711015.01,CANDIDATE,13.284219,,,0.394,2.7,,0.0286,,35.73,1.233,,,,3245.0,5.24,0.394,0.124,0.098,
EPIC 246711015.02,CANDIDATE,24.213117,,,0.421,3.7,,0.0373,,47.72,0.505,,,,3245.0,5.24,0.394,0.124,0.098,
EPIC 246777408.01,CANDIDATE,2.46564,,,0.479,5.5,,0.1107,,3.48,30.186,,,,7068.0,3.927,0.049,2.497,1.913,
EPIC 246851148.01,CANDIDATE,18.896192,,,0.43,3.0,,0.0332,,45.07,1.975,,,,4459.0,4.654,-0.162,0.545,0.488,
EPIC 246899433.01,CANDIDATE,13.107894,,,0.789,4.3,,0.2183,,21.72,25.768,,,,5732.0,4.353,-0.15,1.081,0.958,
EPIC 246909566.01,CANDIDATE,1.925,,,0.36,,0.216,,89.13,,1.07,0.0251,452.0,,3067.0,4.772,,0.236,0.121,
EPIC 246920193.01,CANDIDATE,10.1997,,,0.892,,,0.0178,,16.9,,,,,5340.0,,,0.97,,
EPIC 246947582.01,CANDIDATE,21.371372,,,0.316,6.6,,0.1327,,27.05,16.514,,,,4692.0,4.413,0.037,1.14,1.232,
EPIC 246987084.01,CANDIDATE,7.098695,,,0.217,2.9,,0.0247,,18.99,1.837,,,,4857.0,4.676,-0.412,0.681,0.809,
EPIC 247047370.01,CANDIDATE,4.20566,,,0.951,,,0.0267,,8.9,,,,,5006.0,,,0.9,,
EPIC 247063356.01,CANDIDATE,9.7051,,,0.777,,,0.0197,,18.0,,,,,5090.0,,,1.24,,
EPIC 247122439.01,CANDIDATE,0.73217,,,0.377,1.3,,0.0123,,4.05,1.108,,,,4641.0,4.526,-0.038,0.827,0.836,
EPIC 247164043.01,CANDIDATE,5.228352,,,0.327,3.5,,0.0164,,11.08,2.282,,,,6265.0,4.223,-0.088,1.272,0.988,
EPIC 247223703.01,CANDIDATE,3.1764,,,,,,,89.9893,,0.9532,0.0377,,133.976,4434.0,4.631,-0.087,0.741,0.861,
EPIC 247226616.01,CANDIDATE,2.419472,,,0.392,5.8,,0.1352,,3.47,36.563,,,,6830.0,3.97,-0.004,2.476,2.086,
EPIC 247281516.01,CANDIDATE,6.770834,,,0.595,6.7,,0.1039,,7.17,25.455,,,,6310.0,4.014,-0.021,2.243,1.895,
EPIC 247396991.01,CANDIDATE,14.616783,,,0.241,3.9,,0.0236,,28.79,2.119,,,,5174.0,4.615,-0.098,0.821,1.016,
EPIC 247445728.01,CANDIDATE,13.7579,,,0.54,,,0.025,,15.5,,,,,4860.0,,,0.76,,
EPIC 247560727.01,CANDIDATE,3.3733,,,,,,,89.9954,,1.5839,0.0279,,109.437,5634.0,4.494,-0.13,0.779,0.693,
EPIC 247560727.02,CANDIDATE,8.4356,,,,,,,87.5945,,2.9192,0.0708,,704.732,5634.0,4.494,-0.13,0.779,0.693,
EPIC 247562358.01,CANDIDATE,3.09246,,,0.347,1.9,,0.0317,,12.08,2.413,,,,4051.0,4.661,-0.223,0.698,0.813,
EPIC 247698108.01,CANDIDATE,20.379434,,,0.577,14.0,,0.0529,,9.98,24.603,,,,4993.0,3.279,-0.325,4.259,1.249,
EPIC 247708770.01,CANDIDATE,4.420394,,,0.325,6.0,,0.0328,,5.54,10.293,,,,5943.0,3.917,-0.24,2.875,2.489,
EPIC 247724061.01,CANDIDATE,1.248905,,,0.976,1.8,,0.0289,,1.76,4.073,,,,5496.0,4.235,-0.1,1.289,1.041,
EPIC 247744801.01,CANDIDATE,12.505,,,,,,,89.9995,,1.673,0.1034,,58.958,5214.0,4.466,0.028,0.975,1.027,
EPIC 247856284.01,CANDIDATE,11.95706,,,0.205,4.0,,0.0291,,22.95,2.635,,,,5292.0,4.579,0.024,0.829,0.954,
EPIC 247874191.01,CANDIDATE,7.624,,,,,,,90.0133,,2.4551,0.0775,,321.73,5998.0,4.241,-0.163,1.29,1.053,
EPIC 247885088.01,CANDIDATE,6.363302,,,0.893,1.5,,0.0311,,16.24,2.786,,,,4482.0,4.621,-0.024,0.819,1.022,
EPIC 247988033.01,CANDIDATE,5.164157,,,0.273,2.2,,0.0113,,17.15,1.006,,,,3832.0,4.63,0.079,0.627,0.612,
EPIC 248018863.01,CANDIDATE,18.001053,,,0.265,5.2,,0.0333,,26.66,3.794,,,,5579.0,4.359,0.091,1.043,0.903,
EPIC 248222323.01,CANDIDATE,9.426901,,,0.975,2.3,,0.0356,,10.77,5.543,,,,5895.0,4.184,0.085,1.427,1.128,
EPIC 248420036.01,CANDIDATE,4.71688,,,0.333,2.3,,0.0487,,15.87,3.725,,,,4846.0,4.679,-0.238,0.701,0.857,
EPIC 248526480.01,CANDIDATE,18.436944,,,0.936,3.9,,0.0859,,19.7,8.002,,,,5308.0,4.529,-0.152,0.853,0.901,
EPIC 248527709.01,CANDIDATE,5.751763,,,0.246,2.6,,0.03,,16.67,2.378,,,,4256.0,4.623,0.004,0.726,0.802,
EPIC 248527709.02,CANDIDATE,10.472764,,,0.286,3.1,,0.0297,,25.69,2.354,,,,4256.0,4.623,0.004,0.726,0.802,
EPIC 248574836.01,CANDIDATE,3.917682,,,0.729,2.4,,0.0779,,9.79,5.581,,,,4566.0,4.682,-0.413,0.656,0.763,
EPIC 248639411.01,CANDIDATE,3.577394,,,0.709,1.7,,0.035,,12.07,3.05,,,,4626.0,4.573,0.072,0.799,0.87,
EPIC 248740016.01,CANDIDATE,14.390721,,,0.501,4.0,,0.0228,,24.51,2.55,,,,5872.0,4.352,-0.074,1.025,0.863,
EPIC 248740571.01,CANDIDATE,9.032248,,,0.246,3.0,,0.0284,,23.09,2.364,,,,4967.0,4.668,-0.114,0.762,0.993,
EPIC 248740571.02,CANDIDATE,16.100178,,,0.237,3.9,,0.031,,31.96,2.576,,,,4967.0,4.668,-0.114,0.762,0.993,
EPIC 248740905.01,CANDIDATE,2.491154,,,0.389,4.0,,0.051,,4.73,9.774,,,,6362.0,4.122,0.065,1.756,1.49,
EPIC 248775938.01,CANDIDATE,1.754,,,0.39,,0.568,,88.26,,5.06,0.0365,873.0,,4663.0,4.665,,0.608,0.625,
EPIC 248782482.01,CANDIDATE,16.222,,,0.39,,0.056,,89.49,,1.28,0.0999,417.0,,3852.0,4.749,,0.503,0.518,
EPIC 248827616.01,CANDIDATE,2.571267,,,0.988,1.8,,0.0312,,3.24,5.97,,,,6216.0,4.147,-0.184,1.75,1.566,
EPIC 248865761.01,CANDIDATE,13.071041,,,0.305,5.2,,0.0168,,18.59,2.285,,,,5937.0,4.214,-0.148,1.246,0.935,
EPIC 248869142.01,CANDIDATE,28.848339,,,0.786,7.1,,0.0191,,20.07,3.657,,,,5344.0,3.795,-0.442,1.75,0.698,
EPIC 249217834.01,CANDIDATE,6.695687,,,0.245,3.4,,0.022,,15.08,2.17,,,,5320.0,4.461,0.125,0.905,0.869,
EPIC 249217834.02,CANDIDATE,27.917236,,,0.333,5.0,,0.0258,,41.68,2.551,,,,5320.0,4.461,0.125,0.905,0.869,
EPIC 249236972.01,CANDIDATE,17.818211,,,0.63,3.0,,0.0368,,37.18,2.77,,,,3878.0,4.567,-0.244,0.689,0.645,
EPIC 249239123.01,CANDIDATE,5.116834,,,0.317,4.9,,0.1824,,9.01,31.682,,,,6983.0,4.06,-0.123,1.591,1.061,
EPIC 249373875.01,CANDIDATE,7.522109,,,0.533,4.0,,0.0149,,12.42,2.249,,,,6356.0,4.184,-0.097,1.386,1.067,
EPIC 249391469.01,CANDIDATE,1.075,,,,,0.095,,,,,,,,3503.0,4.447,,0.567,0.337,
EPIC 249401939.01,CANDIDATE,18.786043,,,0.566,3.6,,0.0337,,34.81,2.846,,,,5450.0,4.487,-0.411,0.773,0.665,
EPIC 249418609.01,CANDIDATE,15.320606,,,0.565,4.2,,0.0145,,23.24,1.77,,,,5819.0,4.272,-0.235,1.118,0.851,
EPIC 249476992.01,CANDIDATE,7.943604,,,0.305,3.3,,0.021,,18.12,1.992,,,,5498.0,4.479,0.107,0.87,0.837,
EPIC 249559552.01,CANDIDATE,7.815366,,,0.28,2.9,,0.0285,,20.54,2.403,,,,4884.0,4.676,-0.074,0.755,0.994,
EPIC 249559552.02,CANDIDATE,19.520805,,,0.234,3.9,,0.0275,,38.64,2.318,,,,4884.0,4.676,-0.074,0.755,0.994,
EPIC 249561595.01,CANDIDATE,39.57057,,,0.774,6.0,,0.1062,,39.98,23.661,,,,5166.0,3.761,-0.368,2.041,0.876,
EPIC 249599275.01,CANDIDATE,11.29231,,,0.303,2.9,,0.0312,,29.02,2.348,,,,4660.0,4.676,-0.302,0.689,0.821,
EPIC 249649721.01,CANDIDATE,24.481285,,,0.396,3.6,,0.03,,48.81,2.49,,,,4861.0,4.674,-0.028,0.761,1.001,
EPIC 249703125.01,CANDIDATE,10.307387,,,0.255,3.4,,0.0272,,22.88,2.602,,,,5359.0,4.491,0.08,0.875,0.864,
EPIC 249731291.01,CANDIDATE,10.205377,,,0.187,7.9,,0.0245,,10.0,6.31,,,,6332.0,4.062,-0.069,2.356,2.312,
EPIC 249731291.02,CANDIDATE,23.336739,,,0.186,10.0,,0.0226,,17.35,5.824,,,,6332.0,4.062,-0.069,2.356,2.312,
EPIC 249822095.01,CANDIDATE,1.696716,,,0.985,1.3,,0.0264,,2.92,5.738,,,,5289.0,3.864,-0.102,1.992,1.056,
EPIC 249827330.01,CANDIDATE,31.396001,,,0.919,4.7,,0.0549,,26.73,10.695,,,,5631.0,3.916,-0.201,1.783,0.949,
EPIC 249828900.01,CANDIDATE,18.277358,,,0.342,3.2,,0.0278,,42.01,1.933,,,,4280.0,4.696,-0.29,0.636,0.732,
EPIC 249865296.01,CANDIDATE,28.888589,,,0.426,6.2,,0.042,,33.98,6.05,,,,6117.0,4.212,-0.197,1.319,1.03,
EPIC 249883770.01,CANDIDATE,2.228112,,,0.301,1.8,,0.0185,,9.43,1.398,,,,4355.0,4.651,-0.324,0.693,0.785,
EPIC 249901311.01,CANDIDATE,0.801864,,,0.311,0.89,,0.0334,,6.74,1.433,,,,3594.0,4.834,-0.095,0.393,0.384,
EPIC 249921188.01,CANDIDATE,17.562214,,,0.898,2.9,,0.0694,,27.18,12.272,,,,5873.0,4.136,-0.233,1.619,1.306,
EPIC 250001426.01,CANDIDATE,1.705,,,,,0.056,,,,,,,,,,,,,
EPIC 250045116.01,CANDIDATE,35.960194,,,0.489,4.0,,0.0334,,62.69,2.45,,,,4090.0,4.587,-0.183,0.672,0.645,
EPIC 250099723.01,CANDIDATE,17.92,,,0.4,,0.097,,89.57,,2.07,0.1417,407.0,,4176.0,4.696,,0.576,0.603,
EPIC 250106132.01,CANDIDATE,22.122365,,,0.559,4.0,,0.0351,,36.7,3.715,,,,5393.0,4.517,0.119,0.969,1.122,
EPIC 251288417.01,CANDIDATE,20.924593,,,,1.5336,11.9088,,,,,,,,2980.0,4.198,,0.423,,
EPIC 251292838.01,CANDIDATE,19.581519,,,,2.7168,8.5946,,,,,,,,5638.0,4.525,,0.861,,
EPIC 251294036.01,CANDIDATE,6.854931,,,,1.2624,1.1053,,,,,,,,5360.0,4.343,,1.031,,
EPIC 251304634.01,CANDIDATE,4.392503,,,0.551,1.8,,0.0152,,15.99,1.11,,,,4707.0,4.634,-0.319,0.669,0.705,
EPIC 251380988.01,CANDIDATE,30.921004,,,,5.484,16.9142,,,,,,,,6680.0,4.099,,1.761,,
EPIC 251399501.01,CANDIDATE,11.634988,,,0.351,4.4,,0.0218,,19.34,2.605,,,,6020.0,4.306,-0.278,1.096,0.89,
EPIC 251578729.01,CANDIDATE,14.223889,,,0.405,3.6,,0.1739,,33.65,21.936,,,,5023.0,4.524,-0.236,1.155,1.631,
EPIC 251584580.01,CANDIDATE,10.973135,,,0.426,2.7,,0.0351,,29.1,2.67,,,,4940.0,4.668,-0.387,0.697,0.823,
K2-229 d,CANDIDATE,31.0,,,,,,,88.92,,2.65,,522.0,,,,,,,
