group_id,label,orbital_period_days,eccentricity,impact_parameter,transit_duration_hours,transit_depth,radius_ratio_rp_rs,inclination_deg,a_over_rs,planet_radius_rearth,semi_major_axis_au,equilibrium_temp_k,insolation_earth,stellar_teff_k,stellar_logg_cgs,stellar_metallicity_dex,stellar_radius_rsun,stellar_mass_msun
BD+20 594 b,1,41.6855,0.0,,,490.0,,89.55,55.8,2.57807,,,,5766.0,4.5,-0.15,1.08,1.67
EPIC 201170410.02,1,6.7987,0.0,0.46,,,0.034,89.0025,,1.047,0.0349,,,3648.0,4.999,-0.048,0.282,0.287
EPIC 201238110 b,1,28.1656,,0.24,,,0.0458,,,1.87,,,,,,,,0.41
EPIC 201257461.01,0,50.285869,,0.95,12.62,1840.0,0.05345,,,3.47,,,,4859.0,,,0.74,
EPIC 201324549.01,0,2.519386,,,1.584,2036.0,0.089,,5.22,19.6,,,,,,,2.03,
EPIC 201427007 b,1,0.72091,,,,,0.0142,88.5,3.1,1.5,,,,5633.0,4.4,-0.053,0.94,
EPIC 201497682 b,1,2.13174,,0.21,,,0.0115,,,0.692,,,,,,,,0.78
EPIC 201555883.01,0,,,,,,,,,,,,,4419.0,,-0.98,0.52,
EPIC 201569483.01,0,5.7968861,,0.73,2.57,94300.0,0.3232,,,24.2,,,,4721.0,,,0.72,
EPIC 201595106 b,1,0.87724,0.0,0.814,,,0.0147,78.2,,1.565,0.0177,2038.0,2852.0,5679.0,4.435,0.01,0.98,0.958
EPIC 201615463 c,1,3.80464,,0.61,,,0.0093,,,1.22,,,,,,,,1.073
EPIC 201649426.01,0,27.770388,,0.77,3.14,106000.0,0.3722,,,25.1,,,,4598.0,,,0.71,
EPIC 201754305 d,1,2.71578,,0.21,,,0.015,,,1.03,,,,,,,,0.67
EPIC 201757695.02,1,2.0478,0.0,0.12,,,0.0127,89.2757,,0.90819,0.0296,,,4520.0,4.659,-0.003,0.655,0.727
EPIC 201779067.01,0,27.242808,,,6.5664,37137.0,0.336,,26.77,93.0,,,,,,,2.54,
EPIC 201833600 c,1,3.96151,,0.4,,,0.0168,,,1.0,,,,,,,,0.611
EPIC 201841433 b,1,4.1698,,0.21,,,0.0152,89.001,,1.04,0.035,,,5053.0,4.595,0.0,0.628461,0.802
EPIC 201928106.01,0,1.19478,,,7.104,,0.0644,,,1.65,,,,3671.0,5.053,,0.235,
EPIC 201929294.01,0,,,,,,,,,,,,,4786.0,,-0.16,0.7,
EPIC 202059377.01,0,1.57753,,,0.0,,0.13,,,26.0,,,,7747.0,4.08,,1.93,
EPIC 202071645.01,0,23.7782,,,5.0712,,0.44,,,98.0,,,,7498.0,4.03,,2.09,
EPIC 202126887.01,0,12.866412,,,3.12,31311.0,0.342,,25.83,61.0,,,,,,,1.642,
EPIC 202126888.01,0,1.84617,,,3.0,,0.0947,,,2.14,,,,3252.0,5.08,,0.21,
EPIC 202963882.01,0,0.6308,,,,55199.99999999999,,,,,,,,,,,,
EPIC 203476597.01,0,1.4408,,,,16400.0,,,,,,,,4154.0,,,1.58859,
EPIC 203485624.01,0,0.841202,,,0.0,,0.333,,,82.0,,,,6237.0,3.85,,2.31,
EPIC 203581469.01,0,22.7984,,,2.1288,,0.056,,,9.0,,,,6195.0,4.18,,1.37,
EPIC 203692610.01,0,1.8204,,,,5000.0,,,,,,,,3112.0,4.72526,,0.5139,0.511624
EPIC 203710387.01,0,2.809,,,,47300.00000000001,,,,,,,,2901.0,4.75991,,0.474383,0.472176
EPIC 203823381.01,0,8.2781,,,,2600.0,,,,,,,,6520.0,,-0.0664,,
EPIC 203849738.01,0,0.6199,,,,25200.0,,,,,,,,2978.0,4.65423,,0.596423,0.585161
EPIC 203868608.01,0,4.5417,,,,71900.0,,,,,,,,2897.0,4.61636,,0.641751,0.620907
EPIC 204043888.01,0,1.486243,,,3.19488,,0.28,,,58.0,,,,5991.0,3.984,,1.87,
EPIC 204143627.01,0,1.124,,,,6200.0,,,,,,,,3074.0,4.73262,,0.50547,0.503436
EPIC 204165788.01,0,0.7474,,,,1700.0000000000002,,,,,,,,,,,,
EPIC 204364515.01,0,1.4562,,,,16500.0,,,,,,,,,,,,
EPIC 204432860.01,0,2.8742,,,,7300.0,,,,,,,,3648.0,,,1.41662,
EPIC 204506777.01,0,1.6281,,,,14900.0,,,,,,,,5691.0,3.56677,,2.74444,1.013
EPIC 204760247.01,0,9.2048,,,,147900.0,,,,,,,,11886.0,3.82208,,3.61562,3.165
EPIC 204873331.01,0,1.3178719,,,1.872,19780.0,0.286,,4.28,62.0,,,,,,,1.975,
EPIC 204882444.01,0,1.1488,,,,9800.0,,,,,,,,3429.0,4.07241,,0.984957,0.418
EPIC 205046529.01,0,1.8361,,,,5500.0,,,,,,,,,,,,
EPIC 205064326.01,0,8.02335,,,4.488,5030.0,0.153,,7.28,86.0,,,,,,,5.13,
EPIC 205148699.01,0,4.377339,,,4.5888,33397.0,0.1727,,8.088,31.9,,,,,,,1.691,
EPIC 205483258.01,0,5.6683,,,,64900.0,,,,,,,,3521.0,4.14993,,0.956267,0.471
EPIC 205703094.03,0,24.9922,,,5.208,,0.28,,,36.0,,,,6040.0,4.32,,1.2,
EPIC 205950854 c,1,8.050722,,0.064,,,0.01258,89.81,16.18,1.31,,960.6,,5502.7,,,0.83,0.877
EPIC 205979483.01,0,12.4292,,,,,,90.0,,1.1126,0.0974,,53.836,5414.0,4.595,-0.028,0.814,0.945
EPIC 205990339.01,0,19.44212,,,2.27904,,0.63,,,22.0,,,,3864.0,4.91,,0.35,
EPIC 206024342 b,1,4.50756,,0.7,,,0.0147,,,1.7,,,,,,,,0.928
EPIC 206024342 c,1,0.911724,,,,,0.0117,91.7,4.7,1.4,,,,5724.0,4.5,-0.22,1.1,
EPIC 206024342 d,1,14.647531,,,,,0.0217,90.0,29.0,2.6,,,,5724.0,4.5,-0.22,1.1,
EPIC 206032309 b,1,2.87814,,0.26,,,0.0405,,,1.01,,,,,,,,0.221
EPIC 206042996 b,1,5.2986,,,,,0.0303,90.5,16.0,1.7,,,,4114.0,4.8,0.006,0.5,
EPIC 206042996 c,1,0.354884,,,,,0.0223,89.9,2.6,1.2,,,,4114.0,4.8,0.006,0.5,
EPIC 206065006.01,0,25.2768,,,2.7096,,0.45,,,25.0,,,,4215.0,4.758,,0.52,
EPIC 206215704 b,1,2.255436,,,,,0.0383,89.9,17.0,1.0,,,,3297.0,4.9,-0.33,0.25,
EPIC 206267115.01,0,1.35823,,,12.312,,0.01376,,,1.44,,,,5675.0,4.45,,0.95,
EPIC 206317286 b,1,1.58252,,0.57,,,0.0133,,,0.96,,,,,,,,0.711
EPIC 206317286 c,1,17.515472,,0.268,,,0.0253,,34.54,2.094,,,,4752.0,4.596,0.019,0.758,0.832
EPIC 207517400.01,0,6.3878,,,3.6504,,0.47,,,65.0,,,,6668.0,4.331,,1.25,
EPIC 210401157.01,0,1.3155918,,,2.196,37330.0,0.2082,,4.17,38.3,,,,,,,1.69,
EPIC 210414957.01,0,0.96997227,,,2.191,5490.0,,,,,,,,5401.0,,,,
EPIC 210513446.01,0,1.14907861,,,1.856,26240.0,,,,,,,,5324.24,,-0.652,1.00567,
EPIC 210744674.01,0,25.219709,,,3.3,35138.0,0.347,,49.03,87.0,,,,,,,2.29,
EPIC 210754505.01,0,0.87052967,,,1.502,1820.0,,,,,,,,6121.0,4.16573,-0.0666,1.47366,1.16
EPIC 210789323.01,0,29.12555,,,2.74704,,0.5,,,205.0,,,,4936.0,3.28,,3.9,
EPIC 210827030.01,0,0.5111,,,,7100.0,,,,,,,,3092.0,5.03845,,0.214796,0.183836
EPIC 210954046.01,0,0.950356,,,,,0.0677,74.3,2.9,6.94,,,,6125.0,3.0,0.0,0.94,
EPIC 211082420.01,0,2.4616,,,,75300.0,,,,,,,,9962.0,4.11227,,2.32365,2.55
EPIC 211093684.01,0,7.0502,,,,36700.0,,,,,,,,4947.69,4.65197,0.0513,0.705709,0.815
EPIC 211397774.01,0,0.967865,,,2.5128,149235.0,,,,,,,,5255.0,4.417,,0.97198,0.9
EPIC 211402878.01,0,25.23658,,,3.4248,131088.0,,,,,,,,3777.0,4.56823,,0.701898,0.664837
EPIC 211408138.01,0,10.337864,,,7.0896,50598.0,,,,,,,,6281.0,,-0.16,1.96735,
EPIC 211409299.01,0,13.919301,,,4.8864,126507.0,,,,,,,,5330.07,4.19884,0.1992,1.2633,0.92
EPIC 211411891.01,0,0.954863,,,2.2272,122533.0,,,,,,,,5544.91,4.49537,0.041,0.926751,0.98
EPIC 211422822.01,0,0.554633,,,1.3128,26770.0,,,,,,,,4729.0,4.362,,0.951566,0.76
EPIC 211425822.01,0,2.153178,,,2.6736,161675.0,,,,,,,,5523.0,4.42712,,0.997379,0.97
EPIC 211429934.01,0,0.565934,,,1.9608,76907.0,,,,,,,,5309.0,4.01449,,1.55349,0.91
EPIC 211430148.01,0,15.091257,,,4.1544,387212.00000000006,,,,,,,,5369.0,4.02323,,1.55474,0.93
EPIC 211431013.01,0,3.102398,,,6.18,116056.00000000001,,,,,,,,5483.32,3.88435,0.034,1.85351,0.96
EPIC 211432167.01,0,5.817737,,,2.8848,9442.0,,,,,,,,6290.85,3.56404,-0.2292,3.03613,1.232
EPIC 211432176.01,0,5.817854,,,2.88,9632.0,,,,,,,,,,,,
EPIC 211432946.01,0,1.671965,,,2.1528,321572.00000000006,,,,,,,,3243.0,4.75171,,0.483697,0.481713
EPIC 211449931.01,0,6.663685,,,2.6208,77241.0,,,,,,,,5691.67,4.39416,-0.4385,1.05709,1.01
EPIC 211452175.01,0,11.114394,,,6.2304,140535.0,,,,,,,,5904.69,3.69039,-0.657,2.44643,1.07
EPIC 211453076.01,0,0.524461,,,1.7136,8800.0,,,,,,,,3112.0,5.06358,,0.200172,0.169168
EPIC 211453223.01,0,9.056947,,,3.3336,228283.0,,,,,,,,4942.0,4.2978,,1.05773,0.81
EPIC 211468153.01,0,0.737735,,,1.9608,293171.0,,,,,,,,4908.37,3.97144,-0.004,1.53058,0.8
EPIC 211471048.01,0,0.799768,,,3.5976,368061.99999999994,,,,,,,,8175.71,4.29318,-0.307,1.67093,2.0
EPIC 211477347.01,0,1.641114,,,4.404,232835.0,,,,,,,,8231.0,4.65708,,1.10451,2.02
EPIC 211490299.01,0,0.555516,,,1.4784,125677.0,,,,,,,,,,,,
EPIC 211492541.01,0,1.031746,,,5.5512,13062.0,,,,,,,,7598.94,4.1513,-0.1772,1.85084,1.77
EPIC 211493669.01,0,0.58337,,,1.164,16936.0,,,,,,,,5802.79,4.71327,0.34,0.742872,1.04
EPIC 211509665.01,0,3.247194,,,4.704,274993.0,,,,,,,,5581.0,4.29641,,1.17125,0.99
EPIC 211524114.01,0,0.715676,,,1.248,1668.0,,,,,,,,4476.31,,0.2198,7.82356,
EPIC 211524558.01,0,0.546969,,,1.9608,496880.0,,,,,,,,5162.92,4.38094,-0.4212,0.996147,0.87
EPIC 211526186.01,0,0.682618,,,1.1688,10943.0,,,,,,,,6120.16,3.61756,-0.1733,2.77001,1.16
EPIC 211534342.01,0,0.512702,,,1.8024,259506.0,,,,,,,,4513.0,4.28207,,1.00839,0.71
EPIC 211535481.01,0,0.539696,,,1.7448,101331.0,,,,,,,,,,,,
EPIC 211538193.01,0,0.597258,,,1.9608,250566.0,,,,,,,,5374.42,4.06755,-0.206,1.47741,0.93
EPIC 211540348.01,0,0.620388,,,1.9608,497678.0,,,,,,,,7577.62,4.34034,-0.4425,1.48463,1.76
EPIC 211563123.01,0,17.325857,,,8.5152,334820.0,,,,,,,,6047.27,3.51759,-0.383,3.05384,1.12
EPIC 211572480.01,0,6.2043,,,,,,,,1.8527,0.0661,,,,,,,
EPIC 211589784.01,0,1.359386,,,1.8408,92013.0,,,,,,,,5723.55,4.23049,0.0412,1.28259,1.02
EPIC 211600389.01,0,0.630717,,,1.9608,163414.0,,,,,,,,6591.15,4.18015,-0.6286,1.57514,1.37
EPIC 211600632.01,0,0.630718,,,1.9608,164031.99999999997,,,,,,,,,,,,
EPIC 211604981.01,0,12.427163,,,5.3784,16631.0,,,,,,,,6435.2,3.7925,-0.2312,2.39747,1.3
EPIC 211607670.01,0,1.348851,,,3.8016,217820.0,,,,,,,,6311.4,4.24688,-0.2147,1.38773,1.24
EPIC 211607804.01,0,1.490219,,,3.924,733824.9999999999,,,,,,,,7175.46,4.16698,-0.397,1.72824,1.6
EPIC 211613886.01,0,0.9587591,,,1.776,16259.999999999998,0.308,,3.383,39.0,,,,,,,1.171,
EPIC 211619120.01,0,11.100314,,,12.5808,123582.0,,,,,,,,4928.18,,-0.3181,3.70395,
EPIC 211621644.01,0,0.921358,,,1.6656,127918.0,,,,,,,,5255.22,4.16118,0.08,1.30486,0.9
EPIC 211621961.01,0,11.078847,,,14.328,121654.0,,,,,,,,5162.0,,,1.9631,
EPIC 211625003.01,0,0.530431,,,1.9608,409431.0,,,,,,,,5666.31,4.09583,-0.0824,1.49032,1.01
EPIC 211626490.01,0,0.747734,,,1.9608,287143.0,,,,,,,,8498.37,4.32425,-0.426,1.65596,2.11
EPIC 211630537.01,0,0.69719,,,1.8552,34039.0,,,,,,,,5535.52,4.0963,0.099,1.45971,0.97
EPIC 211631904.01,0,0.884004,,,2.1168,391961.0,,,,,,,,5119.55,4.63135,-0.238,0.742353,0.86
EPIC 211638883.01,0,0.543877,,,0.6768,659.0,,,,,,,,6177.78,4.24133,-0.4486,1.36241,1.18
EPIC 211639283.01,0,6.741846,,,7.248,55296.0,,,,,,,,4861.09,,-0.013,2.13528,
EPIC 211644647.01,0,2.044175,,,7.1472,71960.0,,,,,,,,5480.16,3.62471,-0.5084,2.49927,0.96
EPIC 211651743.01,0,0.516235,,,1.9608,111574.00000000001,,,,,,,,7701.0,4.05568,,2.08947,1.81
EPIC 211662047.01,0,0.635238,,,1.5288,126462.0,,,,,,,,4743.31,4.39196,-0.434,0.919305,0.76
EPIC 211663508.01,0,0.544418,,,1.9512,434869.0,,,,,,,,5076.71,4.30977,-0.036,1.06871,0.85
EPIC 211664543.01,0,0.698333,,,1.32,106428.99999999999,,,,,,,,4081.0,4.59923,,0.664517,0.64
EPIC 211705502.01,0,2.5819,,,,,,,,1.9422,0.0368,,,,,,,
EPIC 211705654.01,0,2.5331,,,,1700.0000000000002,,,,,,,,5301.32,4.02194,0.239,1.54022,0.91
EPIC 211710534.01,0,3.022569,,,3.384,56458.00000000001,,,,,,,,6481.66,4.0052,-0.613,1.89113,1.32
EPIC 211718105.01,0,2.958763,,,5.7864,176980.0,,,,,,,,5935.86,3.72999,-0.462,2.34828,1.08
EPIC 211721325.01,0,1.052364,,,2.8296,348537.00000000006,,,,,,,,5157.0,4.286,,1.1112,0.87
EPIC 211732801.01,0,2.131554,,,4.0656,68562.0,,,,,,,,6147.31,3.72939,-0.191,2.44273,1.167
EPIC 211737652.01,0,2.46819,,,5.8848,483890.0,,,,,,,,8315.0,4.92436,,0.817957,2.05
EPIC 211738534.01,0,0.56802,,,3.3336,13803.0,,,,,,,,3385.0,4.78052,,0.451115,0.447745
EPIC 211744153.01,0,4.612166,,,1.5936,5543.0,,,,,,,,5444.37,,-1.198,2.82645,
EPIC 211750072.01,0,0.595558,,,1.692,51711.0,,,,,,,,5854.74,4.3011,-0.319,1.20541,1.06
EPIC 211759163.01,0,0.595667,,,1.488,129606.99999999999,,,,,,,,,,,,
EPIC 211764271.01,0,3.576744,,,2.9328,68508.0,,,,,,,,5896.1,4.23348,0.0603,1.30914,1.07
EPIC 211764373.01,0,3.57678,,,2.6664,31467.0,,,,,,,,5474.0,4.47964,,0.934009,0.96
EPIC 211768007.01,0,0.542912,,,1.7952,120269.99999999999,,,,,,,,5974.29,3.77362,-0.6088,2.25382,1.1
EPIC 211770390.01,0,3.79018,,,5.9256,52183.0,,,,,,,,5762.0,,,,
EPIC 211804579.01,0,1.5235,,,,600.0,,,,,,,,5735.72,4.49249,0.2322,0.950472,1.024
EPIC 211807456.01,0,0.504961,,,1.8144,291504.0,,,,,,,,5169.0,4.46826,,0.906039,0.88
EPIC 211809568.01,0,0.593274,,,1.9608,636988.0,,,,,,,,5557.0,4.36492,,1.07692,0.98
EPIC 211812160.01,0,1.085097,,,2.1552,31652.999999999996,,,,,,,,6503.37,3.61442,-0.2731,2.97681,1.33
EPIC 211814733.01,0,14.707213,,,2.1408,4206.0,,,,,,,,5167.0,,,2.19732,
EPIC 211822797 b,1,21.1701963,,0.38,,,0.0303,,44.37,1.92,0.1195,431.0,,4057.0,4.7,0.2,0.58,0.62
EPIC 211822953.01,0,1.549381,,,1.6416,92689.0,,,,,,,,3570.0,4.70154,,0.541211,0.537281
EPIC 211828142.01,0,20.180269,,,2.8608,395334.0,,,,,,,,3380.0,4.8817,,0.342147,0.32513
EPIC 211829982.01,0,5.803439,,,3.9072,627831.0,,,,,,,,5029.0,4.35546,,1.00796,0.84
EPIC 211831378.01,0,3.48928,,,,,0.015,88.87,14.05,0.91,,,,3742.0,4.58372,,0.682132,0.650711
EPIC 211838158.01,0,0.575349,,,1.9608,522455.0,,,,,,,,5033.0,4.32349,,1.04575,0.84
EPIC 211839430.01,0,2.612938,,,9.1512,114984.0,,,,,,,,5014.02,,0.0857,4.77742,
EPIC 211839462.01,0,2.612804,,,8.8344,91385.0,,,,,,,,5987.0,3.35558,,3.64705,1.1
EPIC 211841496.01,0,0.522199,,,1.6224,35912.0,,,,,,,,,,,,
EPIC 211852187.01,0,14.343042,,,1.464,110696.0,,,,,,,,3260.0,4.80422,,0.424653,0.419009
EPIC 211858408.01,0,0.628876,,,1.9608,109867.00000000001,,,,,,,,6688.0,4.24194,,1.49352,1.42
EPIC 211858489.01,0,0.636109,,,0.696,1465.0,,,,,,,,6100.77,4.0605,-0.369,1.65628,1.15
EPIC 211885185.01,0,4.397187,,,5.8848,203447.0,,,,,,,,6090.0,4.02887,,1.71021,1.14
EPIC 211906940.01,0,0.526316,,,1.0032,364733.0,,,,,,,,4397.0,,,,
EPIC 211910237.01,0,1.108972,,,1.824,37369.0,,,,,,,,,,,,
EPIC 211914718.01,0,0.582017,,,1.9608,376942.0,,,,,,,,5385.55,4.35439,-0.3221,1.06418,0.934
EPIC 211915147.01,0,1.810708,,,3.0408,35675.0,,,,,,,,6805.0,3.86952,,2.32513,1.46
EPIC 211919555.01,0,9.484994,,,14.6352,82338.0,,,,,,,,,,,,
EPIC 211919842.01,0,9.510911,,,9.8088,7834.0,,,,,,,,3941.0,4.4422,,0.777317,0.61
EPIC 211920462.01,0,9.516793,,,9.8088,408803.0,,,,,,,,,,,,
EPIC 211920528.01,0,9.48658,,,10.4184,2153.0,,,,,,,,6119.69,4.00394,-0.4633,1.76772,1.15
EPIC 211920604.01,0,9.487929,,,12.0744,8783.0,,,,,,,,6214.0,3.6707,,2.65019,1.2
EPIC 211920811.01,0,9.49259,,,10.86,4713.0,,,,,,,,4645.01,,0.193,7.25626,
EPIC 211928959.01,0,0.858462,,,2.028,248568.0,,,,,,,,4467.0,4.43376,,0.840819,0.7
EPIC 211934173.01,0,0.520451,,,0.6216,34196.0,,,,,,,,,,,,
EPIC 211942157.01,0,1.324292,,,5.8848,249317.0,,,,,,,,7114.0,3.77025,,2.71166,1.58
EPIC 211945201 b,1,19.49221,,0.58,,,0.0379,,35.63,5.76,0.1493,817.0,,6069.0,4.22,0.1,1.39,1.17
EPIC 211946007.01,0,1.982809,,,1.3632,213762.0,,,,,,,,3330.0,4.958,,0.291,
EPIC 211955798.01,0,0.616444,,,0.696,5674.0,,,,,,,,4937.26,4.59535,0.043,0.750931,0.81
EPIC 211964001.01,0,7.218071,,,4.7832,32035.0,,,,,,,,6727.06,4.14708,0.2329,1.67346,1.433
EPIC 211964025.01,0,7.219626,,,4.884,31796.000000000004,,,,,,,,8075.0,3.91392,0.528,2.55977,1.96
EPIC 211964555.01,0,7.220943,,,5.2896,34667.0,,,,,,,,3092.0,4.93367,,0.292863,0.268495
EPIC 211970234.01,0,1.4835,,,,,0.068,88.02,13.42,1.41,,,,3200.0,4.9064,,0.317944,0.297189
EPIC 211972086.01,0,6.0162,,,,152200.0,,,,,,,,3249.0,4.82637,,0.400314,0.391835
EPIC 211972837.01,0,1.092917,,,3.7584,1355446.0,,,,,,,,7226.47,4.14565,-0.339,1.78223,1.62
EPIC 212002525.01,0,11.6158,,,,88300.0,,,,,,,,3189.0,4.88475,,0.339085,0.32159
EPIC 212009427.01,0,0.77845,,,,3900.0,,,,,,,,3859.0,4.42916,,0.779314,0.595
EPIC 212009702.01,0,0.923861,,,3.3168,345965.0,,,,,,,,6235.06,3.96046,-0.36,1.90631,1.21
EPIC 212010565.01,0,2.851451,,,9.3048,992968.9999999999,,,,,,,,7137.0,3.9455,,2.22321,1.59
EPIC 212012387.01,0,3.244126,,,3.8616,405896.0,,,,,,,,4274.11,4.27547,-0.277,0.987047,0.67
EPIC 212019055.01,0,0.821436,,,2.3784,162008.0,,,,,,,,6046.46,4.13261,-0.6383,1.5043,1.12
EPIC 212020442.01,0,3.888853,,,3.108,25872.0,,,,,,,,3693.0,4.5728,,0.696024,0.660661
EPIC 212024647.01,0,3.696871,,,3.0864,124336.0,,,,,,,,6401.57,4.2073,-0.093,1.47855,1.285
EPIC 212026226.01,0,1.769505,,,3.6288,176962.0,,,,,,,,5988.0,4.34462,,1.16794,1.1
EPIC 212037403.01,0,3.40819,,,2.8584,164327.0,,,,,,,,5416.13,4.55423,0.189,0.849526,0.943
EPIC 212039539.01,0,2.22982,,,5.34,247831.0,,,,,,,,7391.0,3.95746,,2.26072,1.69
EPIC 212044495.01,0,1.830767,,,2.8488,157032.0,,,,,,,,6141.42,4.51379,0.057,0.98712,1.16
EPIC 212048503.01,0,0.617674,,,1.9608,598171.0,,,,,,,,5271.68,4.30878,-0.0634,1.10095,0.9
EPIC 212053988.01,0,0.579309,,,1.9608,471689.0,,,,,,,,4888.0,4.34193,,0.999114,0.8
EPIC 212060710.01,0,1.204338,,,2.5368,406462.99999999994,,,,,,,,5633.43,4.52269,-0.226,0.907171,1.0
EPIC 212060895.01,0,0.604228,,,1.6896,196260.0,,,,,,,,,,,,
EPIC 212066805.01,0,0.816734,,,1.212,5074.999999999999,,,,,,,,6318.08,4.02502,-0.211,1.79519,1.245
EPIC 212069706.01,0,0.547674,,,0.5736,1629.0,,,,,,,,4926.69,4.55541,0.0285,0.786265,0.81
EPIC 212071939.01,0,1.743013,,,5.8848,470271.0,,,,,,,,7935.6,3.7763,-0.28,2.95299,1.9
EPIC 212075294.01,0,0.55082,,,1.8936,319979.0,,,,,,,,,,,,
EPIC 212075842.01,0,1.153456,,,4.9728,128377.0,,,,,,,,5378.01,,-0.598,2.96865,
EPIC 212082682.01,0,3.797473,,,2.5968,118402.0,,,,,,,,5024.68,4.57184,-0.3736,0.785698,0.84
EPIC 212083250.01,0,0.518748,,,1.9608,157737.0,,,,,,,,6490.0,4.32611,,1.31192,1.33
EPIC 212083455.01,0,0.518754,,,0.8256,228.0,,,,,,,,5514.41,4.53621,-0.281,0.878754,0.968
EPIC 212085654.01,0,0.98972,,,2.7072,168919.0,,,,,,,,5424.29,4.29798,0.1621,1.13922,0.94
EPIC 212085740.01,0,4.845561,,,2.7888,77469.0,,,,,,,,5723.1,4.32206,-0.178,1.15426,1.02
EPIC 212086717.01,0,0.643142,,,1.9608,450377.0,,,,,,,,5412.54,4.36509,0.162,1.05452,0.94
EPIC 212109233.01,0,1.991357,,,3.0216,96349.0,,,,,,,,6118.76,4.29746,-0.1595,1.26082,1.15
EPIC 212110007.01,0,16.709659,,,3.2952,112830.0,,,,,,,,5018.76,4.27453,-0.257,1.09979,0.83
EPIC 212115388.01,0,1.488249,,,1.8144,48367.00000000001,,,,,,,,4080.0,4.25797,,0.982781,0.638
EPIC 212116340.01,0,0.610205,,,1.9608,136330.0,,,,,,,,5470.83,,-0.234,1.18417,
EPIC 212117087.01,0,1.07639,,,2.9088,91275.0,,,,,,,,6523.0,4.15682,,1.6002,1.34
EPIC 212154158.01,0,1.023613,,,5.1024,11010.0,,,,,,,,6658.58,3.63727,0.194,2.97485,1.4
EPIC 212163353.01,0,5.173531,,,3.2064,58580.0,,,,,,,,5188.24,4.2635,-0.1769,1.14689,0.88
EPIC 212171851.01,0,5.489456,,,14.316,370025.0,,,,,,,,5151.0,,,3.27338,
EPIC 212175087.01,0,0.699705,,,4.74,244959.0,,,,,,,,6804.44,3.95889,-0.0707,2.09781,1.46
EPIC 212181307.01,0,0.555317,,,1.9608,416594.0,,,,,,,,5295.0,4.33146,,1.07851,0.91
EPIC 212181460.01,0,0.569192,,,1.9608,276502.0,,,,,,,,6510.0,4.20163,,1.51974,1.34
EPIC 212182233.01,0,0.751394,,,1.9608,628169.0,,,,,,,,5480.0,4.21057,,1.27317,0.96
EPIC 212207194.01,0,9.148701,,,5.46,119700.0,,,,,,,,6072.0,3.97029,,1.8215,1.13
EPIC 212208163.01,0,2.724469,,,5.8848,665629.0,,,,,,,,6707.0,4.18091,,1.60222,1.42
EPIC 212210390.01,0,12.886147,,,2.7864,62814.0,,,,,,,,5033.0,4.55074,,0.805017,0.84
EPIC 212214592.01,0,0.723102,,,1.968,58108.00000000001,,,,,,,,5897.77,4.31518,0.036,1.19162,1.07
EPIC 212221986.01,0,0.526018,,,1.4328,236909.0,,,,,,,,3614.0,4.59239,,0.671247,0.642823
EPIC 212225413.01,0,0.793048,,,3.264,200400.0,,,,,,,,5459.0,3.92312,,1.76335,0.95
EPIC 212225806.01,0,0.594392,,,1.9608,406214.0,,,,,,,,5552.0,,,,
EPIC 212225986.01,0,1.160308,,,2.3832,205206.00000000003,,,,,,,,4331.0,4.37613,,0.883616,0.677
EPIC 212228588.01,0,0.59812,,,1.4544,108294.0,,,,,,,,4142.0,4.30907,,0.935307,0.65
EPIC 212297394 b,1,2.289363,,0.41,1.88,,0.0169,,8.53,1.48,,1149.0,,5171.0,4.55,-0.03,0.8,0.83
EPIC 212297394 c,1,5.213965,,0.39,2.62,,0.0258,,14.45,2.27,,866.0,,5171.0,4.55,-0.03,0.8,0.83
EPIC 212424622 b,1,18.0983,,0.74,,,0.0148,,,2.17,,,,,,,,1.106
EPIC 212499991 b,1,34.885,,0.28,,,0.0193,,,1.6,,,,,,,,0.912
EPIC 212572452.01,0,2.58148,,,,,0.073,86.29,9.91,5.38,,,,4076.0,4.48523,,0.757718,0.64
EPIC 212587672 b,1,15.28078,,0.43,3.46,,0.0117,,30.75,1.26,,756.0,,6004.0,4.45,-0.18,0.98,0.99
EPIC 212587672 c,1,23.228555,,0.43,3.25,,0.0215,,50.74,2.32,,658.0,,6004.0,4.45,-0.18,0.98,0.99
EPIC 212624936 b,1,0.578657,,,,,0.0114,90.3,3.0,1.2,,,,5765.0,4.4,-0.39,0.93,
EPIC 212624936 c,1,11.811437,,,,,0.0226,90.0,41.0,2.3,,,,5765.0,4.4,-0.39,0.93,
EPIC 212628098.01,0,4.352428,,0.64,1.6296,,0.2272,,,16.6,,,,,,,0.67,
EPIC 212679798.01,0,1.83473,,,,,0.489,84.18,8.94,29.93,,,,4385.0,4.44232,,0.826606,0.69
EPIC 212737443 b,1,13.603,0.2,0.479,2.976,1100.0,0.0352,89.071,31.994,2.586,0.098,536.0,,4684.0,4.622,-0.137,0.673,0.69
EPIC 212737443 c,1,65.55,0.2,0.567,4.608,1100.0,0.0366,89.63,91.172,2.69,0.28,316.0,,4684.0,4.622,-0.137,0.673,0.69
EPIC 212773272.01,0,4.681743,,0.32,2.0496,,0.1987,,,5.4,,,,,,,0.25,
EPIC 212773309.01,0,4.68199,,,,,0.754,85.63,16.87,48.33,,,,4636.0,4.40064,,0.895684,0.736
EPIC 213951550.01,0,1.117027,,1.11,1.7808,,0.5727,,,16.9,,,,,,,0.27,
EPIC 220356827.01,0,4.7535,,,,,,89.9707,,1.5147,0.0559,,594.594,5986.0,4.222,0.03,1.27,0.982
EPIC 220471100.01,0,7.3274,,,,,,89.9968,,2.1225,0.076,,104.428,5197.0,4.609,0.108,0.96,1.365
EPIC 220492298 b,1,0.762406,,,,,0.01,92.6,3.2,0.99,,,,5620.0,4.5,0.28,0.89,
EPIC 220554210 c,1,0.70531,,,,,0.0145,91.3,3.0,1.6,,,,5499.0,4.5,-0.23,1.0,
EPIC 220674823 b,1,0.5713127,0.0,0.24,1.54,241.0,0.01553,85.2,2.855,1.676,0.01314,2299.0,4656.0,5578.0,4.408,-0.005,0.99,0.913
EPIC 220674823 c,1,13.33989,0.17,0.53,3.661,693.0,0.02659,88.62,23.32,2.84,0.1073,804.0,70.0,5578.0,4.408,-0.005,0.99,0.913
EPIC 228682364.01,0,0.872893,,,3.4368,68394.0,,,,,,,,,,,,
EPIC 228729473.01,0,16.77217,,0.63,12.4008,1990.0,0.0448,,6.8,19.29,,1173.0,,4898.0,,,3.88053,
EPIC 228836835 b,1,0.728113,,,,,0.0299,89.7,6.4,1.1,,,,3782.0,5.0,-0.18,0.32,
EPIC 229004835 b,1,16.141132,0.23,,,,,88.08,,2.332,0.1237,804.0,69.7,5868.0,,-0.12,0.999,0.97
EPIC 246022853.01,0,10.7228,,,,,,89.9955,,1.2998,0.0879,,175.686,5909.0,4.287,-0.147,1.114,0.883
EPIC 246048459.01,0,2.0507,,,,,,90.0112,,0.4064,0.0258,,232.818,4514.0,4.703,-0.368,0.645,0.769
EPIC 246163416.01,0,0.8768,,,,,,140.52,,8.4683,0.0034,,4001.692,3734.0,4.724,-0.101,0.515,0.512
EPIC 246851721 b,1,6.180235,,0.647,4.10808,4640.0,0.0681,86.21,9.8,11.780659,0.07229,1401.0,642.0,6202.0,4.157,0.141,1.586,1.317
EPIC 248847494 b,1,3650.0,0.0,0.79,53.6,1800.0,0.042,89.87,,12.44199,4.5,183.0,0.19,4898.0,3.52,-0.23,2.7,0.9
EPIC 249893012 b,1,3.5951,0.06,0.42,4.33,,0.0104,86.14,5.93,1.95,0.047,1616.0,1037.0,5430.0,3.99,0.2,1.71,1.05
EPIC 249893012 c,1,15.624,0.07,0.6,6.37,,0.0197,87.94,15.79,3.67,0.13,990.0,160.0,5430.0,3.99,0.2,1.71,1.05
EPIC 249893012 d,1,35.747,0.15,0.25,9.56,,0.0211,89.47,27.42,3.94,0.22,752.0,53.0,5430.0,3.99,0.2,1.71,1.05
EPIC 251281013.01,0,3.287912,,,2.9928,107725.00000000001,,,,,,,,5137.0,4.36236,,1.01769,0.87
EPIC 251286992.01,0,0.505602,,,1.776,410848.0,,,,,,,,4830.0,4.4144,,0.907577,0.78
EPIC 251292508.01,0,1.288312,,,1.9896,241728.99999999997,,,,,,,,3412.0,4.67151,,0.57612,0.568153
EPIC 251307609.01,0,0.598197,,,1.9608,379662.99999999994,,,,,,,,5132.0,4.18405,,1.2496,0.87
EPIC 251308775.01,0,2.804246,,,3.924,69100.0,,,,,,,,5938.45,3.70201,-0.408,2.42516,1.08
EPIC 251314585.01,0,0.691617,,,1.9608,98244.0,,,,,,,,5285.0,3.91131,,1.74944,0.91
EPIC 251315031.01,0,0.540527,,,1.8912,333733.99999999994,,,,,,,,5187.17,4.35186,-0.1545,1.03596,0.88
EPIC 251327548.01,0,11.349445,,,5.8632,59759.0,,,,,,,,6002.0,4.02464,,1.6958,1.11
EPIC 251330444.01,0,5.998652,,,10.8,83190.00000000001,,,,,,,,4930.0,,,2.66723,
EPIC 251345848.01,0,2.883162,,,3.132,37899.0,,,,,,,,6100.45,4.33075,-0.082,1.21341,1.15
EPIC 251345849.01,0,0.545251,,,1.9608,139220.0,,,,,,,,6074.26,4.31071,-0.556,1.23632,1.14
EPIC 251347050.01,0,0.493967,,,2.148,17723.0,,,,,,,,7437.0,4.09251,,1.9409,1.7
EPIC 251353301.01,0,0.504475,,,1.8528,87373.0,,,,,,,,6963.0,4.36169,,1.35063,1.53
EPIC 251356484.01,0,0.781949,,,2.6016,186838.00000000003,,,,,,,,5480.9,4.01992,-0.106,1.58567,0.96
EPIC 251356953.01,0,5.21459,,,4.0944,555674.0,,,,,,,,5457.16,4.41909,-0.445,0.996212,0.95
EPIC 251383916.01,0,1.332797,,,3.924,645357.0,,,,,,,,6519.0,4.51302,,1.06188,1.34
EPIC 251390801.01,0,0.592255,,,1.9608,312313.0,,,,,,,,5660.49,4.40155,-0.201,1.04814,1.01
EPIC 251393748.01,0,8.07181,,,3.2304,190291.0,,,,,,,,5709.51,4.25823,-0.1157,1.24106,1.018
EPIC 251393916.01,0,0.678473,,,1.812,58984.0,,,,,,,,5744.27,4.0497,-0.279,1.5871,1.03
EPIC 251394139.01,0,26.286249,,,8.7024,110497.0,,,,,,,,5980.95,4.24181,-0.3396,1.31469,1.1
EPIC 251404897.01,0,0.660085,,,1.9608,273793.0,,,,,,,,4401.0,4.1475,,1.16067,0.69
EPIC 251411166.01,0,3.37433,,,6.12,23276.0,,,,,,,,4708.0,,,3.77637,
EPIC 251809286.01,0,9.485826,,,15.3408,52542.0,,,,,,,,,,,,
EPIC 251809628.01,0,7.220585,,,5.3856,38587.0,,,,,,,,,,,,
G 9-40 b,1,5.7459982,0.0,0.513,1.693,,0.0575,89.03,30.46,1.9,0.0418,440.6,6.27,3395.0,4.84,-0.07,0.3026,0.2952
GJ 9827 b,1,1.208974,,0.3,,,,87.6,,1.44,0.0189,1035.01,,4236.0,4.719,-0.29,0.58,0.62
GJ 9827 c,1,3.648103,,0.23,,,,89.09,,1.13,0.0395,715.94,,4236.0,4.719,-0.29,0.58,0.62
GJ 9827 d,1,6.20183,,0.891,,,,87.41,19.739,1.98,0.053,675.0,34.9,4236.0,4.7,-0.29,0.58,0.62
HAT-P-54 b,1,3.799847,0.074,0.741,,,0.1572,87.04,14.34,10.581296,0.04117,818.0,,4390.0,4.667,-0.127,0.617,0.645
HAT-P-56 b,1,2.79083,,,,11000.0,,82.13,6.37,16.92559,,,,6566.0,3.39,0.0,1.47,1.42
HATS-11 b,1,3.619188,,0.14,,,0.1071,,6.92,18.03,0.0507,1596.0,,6563.0,4.19,0.03,1.54,1.33
HATS-12 b,1,3.142702,,0.43,,,0.0606,,5.2,7.76,0.0441,1446.0,,6357.0,4.36,-0.1,1.17,1.16
HATS-36 b,1,4.175186,,0.17,,,0.1077,,10.32,12.92,0.0523,1203.0,,5950.0,4.4,0.15,1.1,1.1
HATS-9 b,1,1.915291,,0.16,,,0.0814,,4.44,13.85,0.0312,1746.0,,5599.0,4.1,0.38,1.56,1.1
HD 106315 b,1,9.55237,0.093,0.67,3.775,,0.01728,87.54,15.07,2.44,0.0907,1153.0,,6327.0,4.252,-0.311,1.296,1.091
HD 106315 c,1,21.05704,0.22,0.52,4.638,,0.03086,88.61,25.5,4.35,0.1536,886.0,,6327.0,4.252,-0.311,1.296,1.091
HD 137496 b,1,1.62116,0.0,0.27,3.28,57.5,0.0076,85.8,3.7,1.31,0.02732,2130.0,,5799.0,4.05,-0.03,1.59,1.04
HD 137496 c,1,479.9,0.477,,,,,,,,1.2163,370.0,,5799.0,4.05,-0.03,1.59,1.04
HD 224018 b,1,10.6413,0.06,,,,0.0073,86.7,,0.91,0.0952,968.0,,5784.0,4.32,0.05,1.147,1.013
HD 224018 c,1,36.57669,0.02,,,,0.01935,89.8,,2.42,0.217,641.0,,5784.0,4.32,0.05,1.147,1.013
HD 224018 d,1,138.0731,0.04,,,,0.01927,89.9,,2.4,0.53,411.0,,5784.0,4.32,0.05,1.147,1.013
HD 3167 b,1,0.959641,0.0,,,,,83.4,,1.67,0.01796,1774.0,1650.0,5261.0,,0.04,0.88,0.837
HD 3167 c,1,29.8454,0.06,,,,,89.3,,3.0,0.1776,564.0,16.9,5261.0,,0.04,0.88,0.837
HD 3167 d,1,8.4112,0.12,,,,,,,,0.0763,,,5261.0,,0.04,0.88,0.837
HD 3167 e,1,96.63,0.15,,,,,,,,0.3885,,,5261.0,,0.04,0.88,0.837
HD 73344 b,1,15.611,0.03,0.783,3.304,,0.02217,88.082,23.556,2.884,0.131,911.0,,6252.6,4.372,0.143,1.22,1.2
HD 80653 b,1,0.719573,0.0,,,,,82.1,,1.613,0.01661,2463.0,6130.0,5959.0,,0.255,1.22,1.18
HD 89345 b,1,11.8143,0.22,0.645,5.7336,1509.0,0.0389,87.21,13.11,7.39794,0.1066,1089.0,,5576.0,4.016,0.421,1.747,1.157
HIP 116454 b,1,9.1004157,0.215,0.34,2.431,889.0000000000001,0.02981,88.91,22.46,2.469,0.0792,753.2,51.2858,5048.0,4.582,0.0,0.758,0.8
HIP 41378 b,1,15.57208,,,,,,,,2.595,,959.0,140.0,6320.0,4.294,-0.1,1.273,1.16
HIP 41378 c,1,31.70603,,,,,,,,2.727,,757.0,54.0,6320.0,4.294,-0.1,1.273,1.16
HIP 41378 d,1,278.3618,,,,,,,,3.54,,367.0,3.01,6320.0,4.294,-0.1,1.273,1.16
HIP 41378 e,1,369.0,,,,,,,,4.92,,335.0,2.1,6320.0,4.294,-0.1,1.273,1.16
HIP 41378 f,1,542.07975,,,,,,,,9.2,,294.0,1.24,6320.0,4.294,-0.1,1.273,1.16
K2-10 b,1,19.30553,,,,,,,,3.773,,649.0,42.1,5533.0,4.47,-0.07,0.956,0.88
K2-100 b,1,1.6739035,0.0,0.791,,,0.02867,81.27,5.21,3.88,0.0301,1841.0,1915.0,5945.0,4.33,0.22,1.24,1.15
K2-101 b,1,14.6762429,,0.41,,,0.024,,31.82,2.0,0.1124,618.0,,4927.0,4.59,0.07,0.76,0.82
K2-102 b,1,9.915615,0.1,0.43,2.66,,0.017,89.0,25.3,1.3,,,,4695.0,,0.14,0.71,0.77
K2-104 b,1,1.9741954,,0.39,,,0.034,,10.89,1.79,0.0242,798.0,,3712.0,4.78,0.18,0.48,0.51
K2-105 b,1,8.26726,,,,,,,,3.4,,805.0,100.0,5373.0,4.45,0.22,0.905,0.94
K2-107 b,1,3.313959,,0.74,,,0.081,,6.42,15.98,0.0475,1649.0,,6061.0,4.04,0.14,1.81,1.3
K2-108 b,1,4.733999,,0.33,,,0.0277,,9.86,5.33,0.0581,1360.0,,5599.0,4.02,0.36,1.76,1.17
K2-11 b,1,39.93767,,,,700.0000000000001,,,45.08,7.55,0.2257,734.0,,5433.0,,-0.12,5.15,1.35
K2-110 b,1,13.86375,0.13,,,,,89.35,,2.592,0.10207,638.0,27.7,5010.0,,-0.34,0.713,0.738
K2-111 b,1,5.3518,0.1,,,,,86.43,,1.82,0.0565,1309.0,490.0,5775.0,,-0.46,1.25,0.84
K2-111 c,1,15.6805,0.071,,,,,,,,0.11569,,,5775.0,,-0.46,1.25,0.84
K2-113 b,1,5.817685,,0.72,,,0.0898,,12.08,12.14,0.0642,1098.0,,5660.0,4.27,0.27,1.24,1.04
K2-114 b,1,11.390931,0.079,0.378,3.9696,13610.0,0.1167,89.16,24.4,10.59248676,0.0944,701.4,,4899.0,4.534,0.42,0.832,0.863
K2-115 b,1,20.2729914,0.063,0.655,3.8736,16030.0,0.12659,88.912,35.62,11.80305668,0.1415,696.0,,5870.0,4.538,-0.198,0.855,0.918
K2-116 b,1,4.655411,0.06,,,,0.009402,89.09,15.37,0.69,0.048,,78.6,4348.35,,,0.6694,0.694512
K2-117 b,1,1.2916,,0.39,,,0.0363,,7.87,2.03,0.0189,868.0,,3778.0,4.75,-0.05,0.51,0.54
K2-117 c,1,5.444017,,0.4,,,0.0368,,18.52,2.06,0.0492,537.0,,3778.0,4.75,-0.05,0.51,0.54
K2-118 b,1,50.92092,0.2,,,,0.031741,89.5,71.82,2.54,0.245,,4.3,4726.29,,,0.734626,0.756446
K2-119 b,1,7.727283,,0.41,,,0.0328,,19.23,2.53,0.0698,666.0,,4740.0,4.62,-0.05,0.71,0.76
K2-12 b,1,8.28246,0.5,,,,,87.6,,2.44,0.0792,1026.0,185.0,5672.0,,0.0,1.117,0.965
K2-121 b,1,5.185738,,,,,,,,7.16,,716.0,62.5,4526.0,4.63,0.04,0.675,0.71
K2-122 b,1,2.2193023,,0.43,,,0.018,,13.61,1.16,0.0373,769.0,,4009.0,4.69,0.32,0.59,0.63
K2-123 b,1,30.951524,,0.39,,,0.0427,,61.21,2.76,0.1649,338.0,,4035.0,4.69,0.03,0.59,0.62
K2-124 b,1,6.413651,,0.47,1.68,,0.069,89.03,28.0,2.9,0.049,442.0,,3570.0,4.858,0.023,0.388,0.39
K2-125 b,1,21.750264,0.08,,,,0.049811,89.72,63.31,2.18,0.121,,2.0,3654.47,,,0.402049,0.494727
K2-126 b,1,7.385655,,0.4,,,0.0279,,20.29,1.97,0.0656,601.0,,4339.0,4.66,0.02,0.65,0.69
K2-127 b,1,3.588163,,0.58,,,0.1162,,11.46,8.37,0.0411,809.0,,4575.0,4.65,-0.11,0.66,0.72
K2-128 b,1,5.675819,0.23,,,,0.016752,87.4,15.46,1.42,0.056,,68.8,4469.51,,,0.777569,0.711248
K2-129 b,1,8.239493,0.13,,,,0.026595,89.21,34.37,1.04,0.057,,4.5,3459.09,,,0.36001,0.360031
K2-13 b,1,39.91488,,,,580.0,,,79.69,1.89,0.2114,511.0,,5698.0,,-0.54,0.78,0.8
K2-130 b,1,2.49412,0.17,,,,0.015399,86.53,9.26,1.25,0.032,,136.4,4356.47,,,0.744261,0.69563
K2-131 b,1,0.3693038,0.0,,,,,85.0,,1.69,0.00936,2223.0,4070.0,5120.0,,-0.04,0.7595,0.803
K2-132 b,1,9.1751,,0.848,,,0.0325,,,14.5717,,,,4840.0,3.297,-0.01,3.85,1.08
K2-133 b,1,3.07133,,0.63,,,0.027,87.6,,1.34,0.03194,,,3655.0,,,0.455,0.461
K2-133 c,1,4.86784,,0.64,,,0.0323,88.21,,1.603,0.04341,,,3655.0,,,0.455,0.461
K2-133 d,1,11.02454,,0.37,,,0.0404,89.4,,2.003,0.07487,,,3655.0,,,0.455,0.461
K2-133 e,1,26.5841,,0.928,1.44,987.0,0.0348,89.164,,1.73,0.1346,296.0,1.8,3655.0,,,0.455,0.461
K2-136 b,1,7.9752,0.14,0.22,2.67,,0.0137,,,1.014,0.0707,610.0,33.5,4500.0,4.68,-0.02,0.677,0.742
K2-136 c,1,17.30713,0.047,0.31,3.449,,0.04064,,,3.0,0.1185,470.0,11.91,4500.0,4.68,-0.02,0.677,0.742
K2-136 d,1,25.575,0.071,0.677,3.04,,0.02119,,,1.565,0.1538,420.0,7.07,4500.0,4.68,-0.02,0.677,0.742
K2-137 b,1,0.179719,,,,,0.02,93.1,2.1,0.64,,,,3697.0,5.0,-0.059,0.29,
K2-138 b,1,2.35309,0.048,0.419,2.01,,0.016,87.2,8.5,1.51,0.03385,,,5356.3,4.54,0.14,0.863,0.935
K2-138 c,1,3.56004,0.045,0.369,2.38,,0.02439,88.1,11.1,2.299,0.04461,,,5356.3,4.54,0.14,0.863,0.935
K2-138 d,1,5.40479,0.043,0.241,2.7,,0.02532,89.0,14.7,2.39,0.05893,,,5356.3,4.54,0.14,0.863,0.935
K2-138 e,1,8.26146,0.077,0.468,2.97,,0.03599,88.6,19.5,3.39,0.0782,,,5356.3,4.54,0.14,0.863,0.935
K2-138 f,1,12.75758,0.062,0.56,3.2,,0.03085,88.8,26.1,2.904,0.10447,,,5356.3,4.54,0.14,0.863,0.935
K2-138 g,1,41.96797,0.059,0.558,4.75,,0.03187,89.4,57.7,3.013,0.23109,,,5356.3,4.54,0.14,0.863,0.935
K2-139 b,1,28.380619,,0.17,,,0.0951,,47.25,9.11,0.1796,524.0,,5370.0,4.54,0.24,0.88,0.96
K2-14 b,1,8.36802,,,,9430.0,,,30.16,4.81,0.0627,488.0,,3789.0,,-0.37,0.45,0.47
K2-140 b,1,6.569188,0.0,0.42,3.81,15570.0,0.117,88.3,14.1,13.56286665,0.068,962.0,204.0,5585.0,4.4,0.1,1.06,0.96
K2-141 b,1,0.2803244,0.0,,,,,86.3,,1.51,0.00747,2103.0,3260.0,4570.0,,0.0,0.681,0.708
K2-141 c,1,7.7485,0.092,,,,,87.2,,7.0,0.0683,695.0,39.1,4570.0,,0.0,0.681,0.708
K2-146 b,1,2.6446,0.129,,,,0.0572,88.93,,2.05,,,,3385.0,,,0.33,0.331
K2-146 c,1,4.00498,0.075,,,,0.0612,87.54,,2.19,,,,3385.0,,,0.33,0.331
K2-147 b,1,0.961939,0.38,0.5,0.9024,545.0,0.0234,83.6,5.86,1.47286006,0.01575,1077.0,,3690.0,4.665,-0.02,0.578,0.563
K2-148 b,1,4.38395,,,,,0.0193,,16.7,1.33,0.0454,,48.8,4079.0,4.653,-0.11,0.632,0.65
K2-148 c,1,6.9226,,,,,0.0251,,27.3,1.73,0.0616,,26.5,4079.0,4.653,-0.11,0.632,0.65
K2-148 d,1,9.7579,,,,,0.0238,,36.3,1.64,0.0774,,16.8,4079.0,4.653,-0.11,0.632,0.65
K2-149 b,1,11.332,,,,,0.0264,,34.3,1.64,0.083,,7.0,3745.0,4.707,0.11,0.568,0.595
K2-15 b,1,11.8104,,,,1210.0,,,28.84,2.48,0.091,676.0,,5131.0,,-0.46,0.68,0.72
K2-150 b,1,10.59357,,,,,0.042,,32.2,2.0,0.0727,,4.9,3499.0,4.822,0.09,0.436,0.457
K2-151 b,1,3.835476,,0.44,,,0.0303,,17.36,1.49,0.0373,566.0,,3695.0,4.8,-0.19,0.45,0.47
K2-152 b,1,32.6479,,0.25,4.0,1590.0,0.0344,,58.8,2.29,0.1716,337.0,,4044.0,4.67,0.12,0.61,0.63
K2-153 b,1,7.51574,,0.42,2.3,1290.0,0.0348,,23.6,2.0,0.0614,497.0,,3845.0,4.73,-0.09,0.53,0.55
K2-154 b,1,3.67626,,0.44,1.7,1100.0,0.0288,,14.5,1.99,0.0405,715.0,,4097.0,4.65,0.21,0.63,0.65
K2-154 c,1,7.95486,,0.42,2.1,1100.0,0.03,,24.9,2.07,0.0677,552.0,,4097.0,4.65,0.21,0.63,0.65
K2-155 b,1,6.342,,0.34,2.4096,680.0,0.0261,88.3,18.5,1.8,0.0562,708.0,,4258.0,4.6,-0.3,0.58,0.65
K2-155 c,1,13.85,,0.45,3.528,1030.0,0.0321,88.96,27.0,2.6,0.0946,583.0,,4258.0,4.6,-0.3,0.58,0.65
K2-155 d,1,40.718,,0.44,4.464,740.0,0.0273,89.61,63.3,1.9,0.1937,381.0,,4258.0,4.6,-0.3,0.58,0.65
K2-156 b,1,0.813143,,,,,0.0162,89.8,4.4,1.1,,,,4460.0,4.7,-0.33,0.62,
K2-157 b,1,0.3652575,,0.03,1.161,99.00000000000001,0.00996,89.2,2.405,0.935,0.00962,2432.0,6660.0,5334.0,4.45,0.02,0.86,0.89
K2-158 b,1,10.06049,,0.38,3.8,700.0000000000001,0.0255,,19.1,2.64,0.0887,794.0,,5503.0,4.45,0.07,0.95,0.92
K2-158 c,1,5.90279,,0.41,5.0,150.0,0.0123,,11.3,1.28,0.0622,948.0,,5503.0,4.45,0.07,0.95,0.92
K2-159 b,1,12.42205,,0.44,3.3,650.0,0.025,,27.9,2.26,0.1013,684.0,,5425.0,4.56,-0.07,0.83,0.9
K2-16 b,1,7.6188,,0.68,2.487,,0.02796,87.97,19.0,2.02,0.0667,658.0,44.5,4742.0,4.51,-0.33,0.66,0.68
K2-16 c,1,19.07863,,0.86,3.859,,0.03526,87.83,22.8,2.54,0.1229,485.0,13.1,4742.0,4.51,-0.33,0.66,0.68
K2-160 b,1,3.705871,,,,,0.031888,88.25363,14.684713,3.17824034,,,,5649.0,4.61,0.07,0.913754,0.982829
K2-161 b,1,9.283188,,,,,0.021837,87.25087,10.790043,6.11721229,,,,4972.0,3.63,-0.03,2.568173,0.986876
K2-162 b,1,9.45889,,0.41,3.0,266.9,0.019,,23.6,1.44,0.0795,631.0,,4842.0,4.63,-0.17,0.69,0.75
K2-163 b,1,6.673117,,,,,0.029663,88.25311,15.663288,2.46610713,,,,4937.0,4.71,0.14,0.762201,0.826112
K2-164 b,1,17.355066,,,,,0.013565,87.88981,13.912102,3.24925008,,,,5791.0,3.81,-0.23,2.196069,1.180894
K2-165 b,1,2.354992,,,,,0.014535,87.08276,9.208522,1.27443657,,,,5185.0,4.46,-0.05,0.803827,0.834847
K2-165 c,1,4.382745,,,,,0.017725,87.05435,10.510761,1.55409035,,,,5185.0,4.46,-0.05,0.803827,0.834847
K2-165 d,1,14.101361,,,,,0.030202,89.0019,27.729097,2.64809498,,,,5185.0,4.46,-0.05,0.803827,0.834847
K2-166 b,1,8.52695,,0.4,3.7,160.0,0.0124,,11.1,2.19,0.0858,1140.0,,5960.0,4.09,0.09,1.61,1.16
K2-167 b,1,9.978541,0.48,0.55,3.6,206.0,0.01436,86.8,13.37,2.36509493,0.0932,1220.0,,6310.0,4.122,-0.456,1.499,1.084
K2-168 b,1,15.8523,,0.32,,,0.01812,89.4,25.42,1.86,,766.35,,5502.7,,,0.83,0.877
K2-169 b,1,6.380803,,,,,0.012701,87.83658,13.592261,1.27328671,,,,5548.0,4.56,0.26,0.919053,0.986144
K2-17 b,1,17.96753,,,,990.0,,,39.38,2.23,0.119,487.0,,4320.0,,0.15,0.66,0.71
K2-170 b,1,7.576544,,,,,0.013245,87.98893,14.299758,1.41817537,,,,5748.0,4.34,-0.11,0.981614,0.963657
K2-170 c,1,12.400047,,,,,0.016828,88.6676,20.900713,1.8017647,,,,5748.0,4.34,-0.11,0.981614,0.963657
K2-171 b,1,5.628466,,,,,0.014341,85.04821,5.470213,2.68657205,,,,5250.0,3.95,-0.09,1.717458,0.891587
K2-172 b,1,14.316941,,,,,0.017579,88.91352,25.147602,1.66608079,,,,5569.0,4.61,-0.06,0.868889,0.934356
K2-172 c,1,29.62682,,,,,0.033824,89.49725,44.208935,3.20569097,,,,5569.0,4.61,-0.06,0.868889,0.934356
K2-173 b,1,5.868699,,,,,0.017487,87.82563,12.982789,1.60826194,,,,5580.0,4.52,-0.25,0.843154,0.881538
K2-174 b,1,19.562307,,0.02,5.808,,0.036,89.95,26.6,2.6,0.126,455.0,,4455.0,4.625,0.113,0.676,0.7
K2-175 b,1,9.525988,,,,,0.013158,87.49426,11.060886,2.03803688,,,,5909.0,4.11,0.05,1.420038,1.094693
K2-176 b,1,5.329439,,,,,0.015817,88.06252,13.810807,1.49090097,,,,5428.0,4.63,0.15,0.86416,0.938545
K2-177 b,1,14.155185,,,,,0.015987,87.21955,10.638946,2.1162048,,,,6063.0,4.38,0.41,1.213565,1.210525
K2-178 b,1,8.747818,,,,,0.036763,88.61078,18.513049,3.55790985,,,,5525.0,4.55,0.09,0.887267,0.95109
K2-179 b,1,5.172191,,,,,0.029992,88.75496,20.135239,2.51267885,,,,5015.0,4.63,0.03,0.768067,0.824345
K2-18 b,1,32.939623,0.2,,,,,,,2.37,0.1429,284.0,,3457.0,,0.12,0.411,0.359
K2-18 c,1,8.962,0.47,,,,,,,,0.06,363.0,,3457.0,,,0.411,0.359
K2-180 b,1,8.865663,0.075,0.33,2.8488,987.0,0.03141,89.15,22.63,2.46597575,0.0756,797.5,,5365.0,4.591,-0.578,0.719,0.735
K2-181 b,1,6.8941,,,,,,,,2.69,,949.0,192.0,5528.0,4.35,0.18,1.06,0.96
K2-182 b,1,4.7369696,0.071,0.27,2.56632,988.0,0.03143,88.91,14.11,2.71257333,0.05174,965.8,,5128.0,4.56,0.022,0.789,0.823
K2-183 b,1,0.469285,,,,,0.0117,90.1,2.5,1.1,,,,5482.0,4.6,0.09,0.87,
K2-183 c,1,10.787992,,,,,0.0242,90.5,22.0,2.3,,,,5482.0,4.6,0.09,0.87,
K2-183 d,1,22.620344,,,,,0.0244,89.9,49.0,2.3,,,,5482.0,4.6,0.09,0.87,
K2-184 b,1,16.9780102,,0.42,,,0.018,,48.36,1.47,0.1685,533.0,,5245.0,4.62,-0.1,0.75,0.84
K2-185 b,1,10.616384,,0.74,2.6,,0.0111,,21.5,1.15,,809.0,,5788.0,4.48,-0.1,0.94,0.96
K2-185 c,1,52.713494,,0.73,4.64,,0.0232,,62.62,2.39,,477.0,,5788.0,4.48,-0.1,0.94,0.96
K2-186 b,1,41.474219,,,,,0.02965,89.52426,48.939252,3.17207779,,,,5784.0,4.45,0.06,0.98083,1.018617
K2-187 b,1,0.77401,,,,,0.0132,89.7,3.9,1.2,,,,5438.0,4.6,0.0,0.83,
K2-187 c,1,2.871512,,,,,0.0154,90.4,9.2,1.4,,,,5438.0,4.6,0.0,0.83,
K2-187 d,1,7.149584,,,,,0.0259,90.3,18.0,2.4,,,,5438.0,4.6,0.0,0.83,
K2-187 e,1,13.606629,,,,,0.0206,90.1,28.0,1.9,,,,5438.0,4.6,0.0,0.83,
K2-188 b,1,1.742169,,0.4,,,0.0104,,4.67,1.35,0.0289,1692.0,,5977.0,4.31,-0.01,1.19,1.06
K2-188 c,1,7.810253,,0.37,,,0.0218,,15.56,2.83,0.0785,1026.0,,5977.0,4.31,-0.01,1.19,1.06
K2-189 b,1,2.58812,,,,,,,,1.403,,1203.0,497.0,5442.0,4.51,-0.1,0.879,0.85
K2-189 c,1,6.67932,,,,,,,,2.31,,877.0,140.0,5442.0,4.51,-0.1,0.879,0.85
K2-19 b,1,7.9222,0.2,,,,0.0777,91.5,,7.0,,,,5322.0,4.51,0.06,0.82,0.88
K2-19 c,1,11.8993,0.21,,,,0.0458,91.1,,4.1,,,,5322.0,4.51,0.06,0.82,0.88
K2-19 d,1,2.5081,,,,,0.0124,90.8,,1.11,,,,5322.0,4.51,0.06,0.82,0.88
K2-190 b,1,10.098858,,,,,0.013636,88.35712,17.225461,1.35673729,,,,5631.0,4.38,-0.19,0.912206,0.904597
K2-190 c,1,21.574023,,,,,0.010986,88.97694,27.966545,1.09308317,,,,5631.0,4.38,-0.19,0.912206,0.904597
K2-191 b,1,2.858646,,,,,0.017239,87.05102,8.602679,1.57889322,,,,5176.0,4.57,0.31,0.839696,0.900994
K2-192 b,1,4.162817,,0.43,,,0.0171,,17.64,1.52,0.049,939.0,,5222.0,4.57,0.15,0.81,0.9
K2-193 b,1,14.786889,,0.29,,,0.0369,,26.08,3.95,0.1184,739.0,,5817.0,4.46,0.0,0.98,1.01
K2-194 b,1,39.721386,,,,,0.026065,89.06529,30.98886,3.64229858,,,,5979.0,4.21,0.1,1.281115,1.110086
K2-195 b,1,15.852975,,0.34,,,0.029,,24.33,3.13,0.1208,720.0,,5713.0,4.42,-0.1,0.99,0.94
K2-195 c,1,28.482786,,,,,0.026054,88.53687,27.673288,2.57581891,,,,5712.0,4.55,-0.09,0.906367,0.963364
K2-196 b,1,48.324222,,,,,0.021446,88.27355,23.462939,3.59970536,,,,6045.0,4.08,0.01,1.538801,1.162095
K2-197 b,1,8.357881,,0.45,,,0.0253,,16.29,2.56,0.0806,848.0,,5667.0,4.5,0.08,0.93,1.0
K2-198 b,1,17.0428683,,0.661,,,0.039,88.904,25.86,4.189,,715.8,,5212.9,,,0.757,0.799
K2-198 c,1,3.3596055,,0.715,,,0.013,86.494,8.76,1.423,,1229.9,,5212.9,,,0.757,0.799
K2-198 d,1,7.4500177,,0.047,,,0.022,89.86,14.9,2.438,,943.2,,5212.9,,,0.757,0.799
K2-199 b,1,3.2253993,0.02,0.25,2.017,,0.02346,88.8,12.07,1.73,0.0382,913.0,116.2,4491.0,,-0.01,0.682,0.711
K2-199 c,1,7.3744897,0.03,0.49,2.452,,0.03846,87.7,20.96,2.85,0.0662,694.0,38.6,4491.0,,-0.01,0.682,0.711
K2-200 b,1,2.849883,,,,,0.015799,87.96772,13.198523,1.3643987,,,,5233.0,4.71,-0.04,0.791736,0.860208
K2-201 b,1,1.05979,,,,,0.014617,84.41366,4.652897,1.40006712,,,,5507.0,4.68,0.13,0.878161,0.956055
K2-201 c,1,22.779878,,,,,0.034302,89.27205,40.683505,3.28568401,,,,5507.0,4.68,0.13,0.878161,0.956055
K2-2016-BLG-0005L b,1,4700.0,,,,,,,,,4.16,,,,,,,0.584
K2-202 b,1,3.405164,,,,,0.023171,87.67245,11.942004,2.30165603,,,,5491.0,4.55,0.27,0.910685,0.971461
K2-203 b,1,9.6952,0.23,0.33,3.1032,230.0,0.01518,89.12,23.16,1.26549392,0.0824,738.4,,5026.0,4.57,-0.021,0.765,0.793
K2-204 b,1,7.055908,0.28,0.27,4.5696,538.0,0.02319,88.76,12.64,3.17214154,0.0738,1148.0,,5783.0,4.273,0.21,1.253,1.076
K2-205 b,1,26.672263,,,,,0.016978,89.09695,31.035514,1.99552771,,,,5890.0,4.25,-0.26,1.077574,0.951027
K2-206 b,1,18.294549,,,,,0.033806,89.11217,28.28403,2.79522879,,,,5043.0,4.46,-0.14,0.758046,0.789481
K2-207 b,1,12.48749,,,,,0.025739,88.62001,21.180496,2.60585269,,,,5522.0,4.41,0.11,0.928158,0.941851
K2-208 b,1,4.19097,0.37,0.49,1.944,309.0,0.01757,86.94,12.03,1.67462172,0.04878,1122.0,,5500.0,4.503,-0.064,0.872,0.881
K2-209 b,1,2.080615,,,,,0.011177,86.23126,8.501853,0.86850263,,,,4720.0,4.46,-0.06,0.712365,0.74479
K2-21 b,1,9.325038,0.1,,,,0.026158,88.98,25.37,1.84,0.076,,10.0,4222.06,,,0.646783,0.676023
K2-21 c,1,15.50192,0.21,,,,0.035332,88.85,35.5,2.49,0.107,,5.1,4222.06,,,0.646783,0.676023
K2-210 b,1,0.57023,,,,,0.00874,89.2,4.4,0.86,,,,5500.0,4.6,0.0,0.89,
K2-211 b,1,0.669561,0.19,0.36,1.2912,222.0,0.01489,84.1,3.73,1.33162691,0.01419,1873.0,,5117.0,4.543,0.134,0.818,0.851
K2-212 b,1,9.795647,,0.42028,,1279.7,0.03577,,27.97,2.65,,,,4349.0,4.72,,0.678,0.622
K2-213 b,1,8.13087,,,,,0.011526,87.86162,13.24909,1.51398464,,,,5794.0,4.25,0.25,1.20424,1.069596
K2-214 b,1,8.59656,,,,,,,,2.51,,1001.0,238.0,5875.0,4.28,0.04,1.236,1.03
K2-215 b,1,8.269648,,,,,0.019982,88.98419,28.084531,2.12381238,,,,5704.0,4.41,0.11,0.974398,0.999987
K2-216 b,1,2.1748,0.0,0.45,1.84,,0.0221,86.9,8.3,1.75,0.028,1103.0,248.0,4503.0,4.57,0.0,0.72,0.7
K2-217 b,1,14.074524,,,,,0.024599,88.04322,16.108984,3.57854073,,,,5967.0,4.17,0.04,1.333718,1.102661
K2-218 b,1,8.679885,,,,,0.023364,88.45262,16.021068,2.56948149,,,,5757.0,4.45,0.25,1.008231,1.047488
K2-219 b,1,3.901287,,,,,0.010389,86.79476,9.031985,1.34762583,,,,5753.0,4.23,0.13,1.189232,1.021545
K2-219 c,1,6.66767,,,,,0.011089,87.26923,10.347938,1.43839723,,,,5753.0,4.23,0.13,1.189232,1.021545
K2-219 d,1,11.137278,,,,,0.019861,88.28659,15.766969,2.57634456,,,,5753.0,4.23,0.13,1.189232,1.021545
K2-22 b,1,0.381073,,,,,0.0366,90.6,3.0,2.3,,,,3879.0,4.7,0.032,0.58,
K2-220 b,1,13.68186,,,,,,,,2.37,,761.0,79.7,5612.0,4.45,-0.05,1.026,0.91
K2-221 b,1,2.399094,,,,,0.016243,85.44711,6.506267,1.67890272,,,,5716.0,4.57,0.13,0.947599,1.010842
K2-222 b,1,15.38857,0.16,,,,,89.12,,2.35,0.1206,871.0,96.0,5942.0,,-0.315,1.115,0.989
K2-223 b,1,0.50557,,,,,0.00801,89.7,3.3,0.89,,,,5859.0,4.5,0.19,1.0,
K2-223 c,1,4.562546,,,,,0.0129,89.6,13.0,1.5,,,,5859.0,4.5,0.19,1.0,
K2-224 b,1,4.47904,,0.41,2.4,327.0,0.017,,13.2,1.56,0.0516,1002.0,,5620.0,4.55,-0.19,0.84,0.91
K2-224 c,1,10.09489,,0.4,3.6,592.8,0.0262,,20.3,2.41,0.0886,764.0,,5620.0,4.55,-0.19,0.84,0.91
K2-225 b,1,15.8723,0.23,0.38,6.192,377.0,0.01942,88.64,17.82,3.60929179,0.1409,923.0,,5520.0,4.148,0.486,1.7,1.482
K2-226 b,1,3.27109,0.22,0.38,2.3232,252.0,0.01586,87.6,9.91,1.53899305,0.04095,1187.0,,5288.0,4.473,-0.05,0.889,0.856
K2-227 b,1,13.621832,,,,,0.017144,88.37406,21.261583,1.66551298,,,,5673.0,4.58,-0.1,0.890666,0.950811
K2-228 b,1,2.69828,,0.42,1.5,258.7,0.017,,12.2,1.21,0.0338,914.0,,4715.0,4.66,-0.25,0.65,0.71
K2-229 b,1,0.584216,,,,,0.0118,89.7,4.2,1.0,,,,5315.0,4.6,-0.09,0.79,
K2-229 c,1,8.32727,,0.39,2.5,532.5,0.0236,,24.9,2.03,0.0769,750.0,,5315.0,4.59,-0.09,0.79,0.87
K2-230 b,1,2.86041,,0.39,2.6,200.0,0.0129,,7.3,1.96,0.0409,1529.0,,5945.0,4.2,0.1,1.39,1.11
K2-231 b,1,13.841901,,0.55,2.94,,0.0239,88.6,27.0,2.5,,,,5695.0,4.48,0.14,0.95,1.01
K2-232 b,1,11.168454,0.258,,,,0.08868,89.14,19.25,11.209,0.10356,1030.0,,6154.0,4.379,0.1,1.161,1.188
K2-233 b,1,2.467583,0.0,0.2,1.882,,0.01698,88.86,9.97,1.315,0.03293,1127.0,269.0,4796.0,4.53,-0.082,0.71,0.79
K2-233 c,1,7.06024,0.0,0.15,2.687,,0.01642,89.57,20.1,1.272,0.0664,794.0,66.2,4796.0,4.53,-0.082,0.71,0.79
K2-233 d,1,24.3681,0.18,0.28,3.791,,0.03051,89.62,45.91,2.363,0.1516,525.0,12.7,4796.0,4.53,-0.082,0.71,0.79
K2-237 b,1,2.18053332,0.03,0.171,2.92728,14160.0,0.119,88.37,6.18,16.06246934,0.03552,1759.0,,6180.0,4.353,0.337,1.236,1.256
K2-238 b,1,3.20466,0.0,,,,0.08,84.5,6.27,14.5717,0.046,1587.0,,5630.0,4.11,0.34,1.59,1.19
K2-239 b,1,5.24,,0.44,1.4664,670.0,0.0259,88.99,24.6,1.1,0.0441,502.0,,3420.0,4.9,-0.1,0.36,0.4
K2-239 c,1,7.775,,0.73,1.248,580.0,0.0241,88.77,34.0,1.0,0.0576,427.0,,3420.0,4.9,-0.1,0.36,0.4
K2-239 d,1,10.115,,0.39,1.8384,650.0,0.0255,89.43,38.8,1.1,0.0685,399.0,,3420.0,4.9,-0.1,0.36,0.4
K2-24 b,1,20.88977,0.06,,,,,,,5.4,,,,5625.0,4.29,0.34,1.16,1.07
K2-24 c,1,42.3391,0.07,,,,,,,7.5,,,,5625.0,4.29,0.34,1.16,1.07
K2-240 b,1,6.034,,0.28,2.1528,1310.0,0.0362,89.26,21.1,2.0,0.0513,586.0,,3810.0,4.7,-0.1,0.54,0.58
K2-240 c,1,20.523,,0.29,3.192,980.0,0.0313,89.66,48.0,1.8,0.1159,389.0,,3810.0,4.7,-0.1,0.54,0.58
K2-241 b,1,26.8199,,0.41,4.1,900.0,0.0312,,43.3,2.55,0.1567,507.0,,5262.0,4.54,-0.44,0.75,0.71
K2-242 b,1,6.51389,,0.42,2.0,6240.0,0.0633,,22.1,2.54,0.0494,416.0,,3459.0,4.89,-0.01,0.37,0.38
K2-243 b,1,11.54182,,0.39,3.7,160.0,0.0144,,21.2,2.17,0.1087,1035.0,,6570.0,4.26,-0.03,1.39,1.29
K2-243 c,1,24.94598,,0.4,5.2,190.0,0.0133,,35.6,2.01,0.1817,801.0,,6570.0,4.26,-0.03,1.39,1.29
K2-244 b,1,21.06884,,0.44,3.9,300.0,0.0174,,38.3,1.75,0.1418,638.0,,5677.0,4.44,-0.29,0.92,0.86
K2-245 b,1,11.89307,,0.38,4.2,1070.0,0.0317,,17.5,4.34,0.0959,923.0,,5793.0,4.16,-0.45,1.25,0.83
K2-246 b,1,5.76918,,0.41,3.4,1340.0,0.0341,,11.1,3.49,0.0602,977.0,,5610.0,4.43,-0.19,0.94,0.87
K2-247 b,1,2.25021,,0.43,1.2,1000.0,0.0283,,8.7,2.12,0.0304,979.0,,4667.0,4.63,-0.08,0.69,0.74
K2-247 c,1,6.49424,,0.41,1.7,1100.0,0.0292,,18.2,2.19,0.0615,688.0,,4667.0,4.63,-0.08,0.69,0.74
K2-248 b,1,7.17256,,0.4,2.8,700.0000000000001,0.0255,,16.2,2.57,0.0699,886.0,,5528.0,4.45,-0.1,0.92,0.88
K2-249 b,1,12.409,,0.41,5.9,240.0,0.0162,,14.5,2.79,0.1151,1061.0,,6504.0,4.16,0.04,1.57,1.32
K2-25 b,1,3.48456408,0.428,0.628,0.7637,11550.0,0.1075,87.16,21.09,3.44,0.0287,494.0,9.91,3207.0,4.944,0.15,0.2932,0.2634
K2-250 b,1,4.01392,0.21,0.35,2.3664,970.0,0.0311,88.26,12.44,2.71257333,0.04606,1003.0,,5003.0,4.544,-0.02,0.797,0.809
K2-251 b,1,9.30075,,0.44,2.7,2140.0,0.0437,,20.6,2.35,0.0694,437.0,,3717.0,4.76,-0.04,0.49,0.52
K2-252 b,1,13.81513,,0.41,3.6,360.0,0.0193,,25.7,1.74,0.1041,639.0,,5152.0,4.5,-0.09,0.82,0.79
K2-253 b,1,4.00167,,0.34,2.1,12589.999999999998,0.105,,13.9,12.67,0.0506,1238.0,,6027.0,4.39,0.0,1.1,1.08
K2-254 b,1,4.09639,,0.72,1.6,520.0,0.0223,,15.8,1.63,0.0448,791.0,,4629.0,4.64,-0.14,0.67,0.71
K2-254 c,1,12.11839,,0.42,2.4,1200.0,0.0298,,31.3,2.19,0.0923,551.0,,4629.0,4.64,-0.14,0.67,0.71
K2-255 b,1,1.96417,,0.44,1.1,1830.0,0.0386,,9.1,2.9,0.0274,1034.0,,4676.0,4.62,-0.14,0.69,0.71
K2-256 b,0,5.52011,,0.42,3.6,970.0,0.0309,,7.6,2.63,0.0578,845.0,,5219.0,4.58,-0.1,0.78,0.84
K2-257 b,1,1.60588,,0.4,1.3,340.0,0.0153,,8.2,0.83,0.0216,789.0,,3725.0,4.76,-0.03,0.5,0.52
K2-258 b,1,19.0921,,0.37,6.0,490.0,0.021,,21.5,3.0,0.149,831.0,,6351.0,4.29,0.01,1.31,1.21
K2-259 b,1,15.48043,,0.41,4.2,370.0,0.0189,,29.9,2.32,0.1271,795.0,,6059.0,4.39,0.16,1.13,1.14
K2-26 b,1,14.5665,,0.57,4.73,,0.0471,88.4,20.7,2.67,0.0962,430.0,5.8,3785.0,,-0.13,0.52,0.56
K2-260 b,1,2.62669762,0.053,0.08,4.19904,9250.0,0.09617,89.18,5.37,18.41635529,0.04392,2090.0,,6860.0,4.161,0.334,1.755,1.637
K2-261 b,1,11.6334681,0.274,0.29,5.1288,2781.0,0.05274,88.58,14.51,9.26982704,0.1086,1036.0,,5490.0,4.04,0.372,1.663,1.107
K2-263 b,1,50.818947,0.15,,,,,89.24,,2.41,0.2573,470.0,8.17,5368.0,,-0.08,0.85,0.88
K2-264 b,1,5.840002,,0.4,1.884,,0.04318,89.01,22.84,2.231,0.05023,496.0,,3660.0,4.783,-0.013,0.473,0.496
K2-264 c,1,19.660302,,0.55,2.618,,0.05164,89.38,51.3,2.668,0.11283,331.0,,3660.0,4.783,-0.013,0.473,0.496
K2-265 b,1,2.36902,0.16,0.44,2.3088,287.0,0.01695,87.01,7.86,1.70824866,0.03359,1366.0,,5420.0,4.465,0.033,0.92,0.901
K2-266 b,1,0.658524,,1.011,0.33336,1800.0,0.043,75.32,4.0,3.3,0.01306,1515.0,879.5,4285.0,4.581,-0.12,0.703,0.686
K2-266 c,1,7.814,0.042,0.6,2.256,85.0,0.0092,88.28,20.8,0.705,0.0679,664.5,32.4,4285.0,4.581,-0.12,0.703,0.686
K2-266 d,1,14.697,0.047,0.29,3.408,1465.0,0.03827,89.46,31.7,2.93,0.1035,538.3,13.95,4285.0,4.581,-0.12,0.703,0.686
K2-266 e,1,19.482,0.043,0.36,3.6648,1270.0,0.03564,89.45,38.2,2.73,0.1249,490.1,9.581,4285.0,4.581,-0.12,0.703,0.686
K2-268 b,1,2.151676,,0.42,1.97,,0.0175,,7.76,1.5,,1136.0,,5106.0,4.58,0.03,0.78,0.84
K2-268 c,1,9.327527,,0.65,3.35,,0.0312,,17.17,2.69,,696.0,,5106.0,4.58,0.03,0.78,0.84
K2-268 d,1,4.528598,,0.4,2.57,,0.0173,,12.57,1.49,,888.0,,5106.0,4.58,0.03,0.78,0.84
K2-268 e,1,6.131243,,0.42,2.54,,0.0155,,16.93,1.33,,801.0,,5106.0,4.58,0.03,0.78,0.84
K2-268 f,1,26.27057,,0.39,4.62,,0.0259,,41.41,2.23,,492.0,,5106.0,4.58,0.03,0.78,0.84
K2-269 b,1,4.144965,,0.42,,,0.01,,10.07,1.57,0.0531,1429.0,,6209.0,4.18,-0.08,1.45,1.16
K2-27 b,1,6.771347,,,,,,,,4.74,,836.0,116.0,5246.0,4.48,0.12,0.876,0.88
K2-270 b,1,1.543069,,0.42,,,0.0164,,6.04,1.38,0.0247,1203.0,,4877.0,4.59,0.26,0.77,0.85
K2-270 c,1,4.400028,,0.38,,,0.035,,20.94,2.95,0.0497,848.0,,4877.0,4.59,0.26,0.77,0.85
K2-271 b,1,8.562421,,0.3,,,0.0674,,20.69,7.28,0.077,893.0,,5644.0,4.37,-0.3,0.99,0.83
K2-272 b,1,14.4536756,,0.58,,,0.0343,,26.16,3.13,0.1007,747.0,,5397.0,4.53,-0.09,0.83,0.86
K2-273 b,1,11.7195663,,0.37,,,0.0327,,18.49,3.05,0.0729,849.0,,5161.0,4.53,0.2,0.85,0.89
K2-274 b,1,14.1330314,,0.34,,,0.0273,,29.68,2.08,0.0964,655.0,,5044.0,4.64,-0.16,0.7,0.79
K2-275 b,1,3.2809626,,0.77,,,0.0311,,8.61,2.34,0.0277,1166.0,,4841.0,4.65,-0.06,0.69,0.77
K2-275 c,1,8.4388385,,0.33,,,0.0293,,27.5,2.21,0.0881,653.0,,4841.0,4.65,-0.06,0.69,0.77
K2-276 b,1,18.718269,,0.38,,,0.0405,,21.07,3.77,0.1291,583.0,,5139.0,4.49,0.07,0.85,0.82
K2-277 b,1,6.326768,0.52,0.53,1.9656,417.99999999999994,0.02045,86.83,14.68,2.18575124,0.0664,1049.0,,5680.0,4.452,0.078,0.973,0.974
K2-278 b,1,3.334966,,0.43,,,0.0169,,6.24,2.98,0.0488,1711.0,,6747.0,4.17,0.0,1.61,1.4
K2-279 b,1,7.122605,,0.54,,,0.0129,,14.45,1.21,0.067,879.0,,5558.0,4.46,-0.37,0.86,0.79
K2-28 b,1,2.260455,0.0,0.36,,,0.0737,88.9,17.9,2.32,0.0214,568.0,,3214.0,4.93,0.26,0.288,0.257
K2-280 b,1,19.89526,0.35,0.27,8.267,,0.05354,89.53,25.79,7.5,0.1461,787.0,,5500.0,4.21,0.33,1.28,1.03
K2-281 b,1,8.687721,,0.23,,,0.0987,,25.9,8.18,0.0773,665.0,,4812.0,4.59,0.22,0.76,0.82
K2-282 b,1,4.169783,,,,,0.0227,90.1,11.0,2.5,,,,5499.0,4.5,-0.23,1.0,
K2-283 b,1,1.921036,,0.37,,,0.0393,,8.23,3.52,0.0291,1186.0,,5060.0,4.56,0.28,0.82,0.89
K2-284 b,1,4.795069,0.078,0.28,2.147,,0.042,89.0,16.84,2.78,0.04771,653.0,42.6,4140.0,4.67,0.0,0.607,0.63
K2-285 b,1,3.471745,0.0,0.57,2.18,970.0,0.03013,86.846,10.43,2.59,0.03817,1088.9,234.31,4975.0,4.4,0.0,0.787,0.83
K2-285 c,1,7.138048,0.0,0.05,2.52,2100.0,0.0411476,89.861,22.51,3.53,0.0824,741.4,50.35,4975.0,4.4,0.0,0.787,0.83
K2-285 d,1,10.45582,0.0,0.2,2.504,1000.0,0.0288961,89.6431,32.2,2.48,0.1178,619.9,24.61,4975.0,4.4,0.0,0.787,0.83
K2-285 e,1,14.76289,0.0,0.17,2.3,680.0,0.0227044,89.7994,49.43,1.95,0.18041,500.9,10.5,4975.0,4.4,0.0,0.787,0.83
K2-286 b,1,27.359,,0.35,3.0,1120.0,0.0315,89.67,63.0,2.1,0.1768,347.0,,3926.0,4.7,0.0,0.62,0.64
K2-287 b,1,14.893291,0.478,,,,0.08014,88.13,23.87,9.494023,0.1206,804.0,,5695.0,4.398,0.2,1.07,1.056
K2-288 B b,1,31.393463,,0.37,2.112,,0.049,89.81,110.2,1.9,0.164,226.36,,3341.0,4.96,-0.21,0.32,0.33
K2-289 b,1,13.156969,,0.6,4.032,,0.081,88.48,22.5,9.1,0.107,753.0,,5529.0,4.393,0.162,1.025,0.953
K2-29 b,1,3.2588321,0.066,0.58,2.22,,0.14188,86.656,10.51,13.33871,0.04217,1171.0,,5358.0,4.54,0.16,0.86,0.94
K2-290 b,1,9.21165,0.0,0.438,4.96,,0.019,88.14,13.15,3.06,0.0923,1230.0,,6302.0,4.23,-0.06,1.511,1.194
K2-290 c,1,48.36685,0.0,0.474,8.14,,0.06848,89.37,43.5,11.276254,0.305,676.0,,6302.0,4.23,-0.06,1.511,1.194
K2-291 b,1,2.225177,0.0,0.646,1.719,,0.01614,85.26,7.7942,1.589,0.03261,,633.0,5520.0,4.5,0.08,0.899,0.934
K2-292 b,1,16.9841,0.04,0.68,3.66,,0.022,88.4,25.9,2.63,0.13,795.0,67.0,5725.0,4.33,0.07,1.09,1.0
K2-293 b,1,13.1225,,0.47,3.98,,0.0228,88.8,22.9,2.45,,750.0,,5532.0,4.52,0.218,0.947,0.958
K2-294 b,1,2.50387,,0.51,2.6,,0.01262,85.5,6.49,1.66,,1425.0,,5612.0,4.2,0.194,1.2,0.987
K2-295 b,1,4.024867,0.0,0.17,2.4984,,0.1304,89.3,13.76,10.054473,0.0451,852.0,,4444.0,4.63,0.14,0.7,0.74
K2-3 b,1,10.0546535,0.107,0.31,,,0.0349,89.4,29.44,2.078,0.0747,501.3,10.5,3844.0,4.704,-0.157,0.546,0.549
K2-3 c,1,24.646729,0.048,0.14,,,0.02658,89.84,53.5,1.582,0.1357,371.8,3.17,3844.0,4.704,-0.157,0.546,0.549
K2-3 d,1,44.55603,0.091,0.24,,,0.02449,89.82,79.4,1.458,0.2014,305.2,1.44,3844.0,4.704,-0.157,0.546,0.549
K2-30 b,1,4.098503,0.0,0.662,2.3208,16030.0,0.1266,86.92,12.34,11.646151,0.04839,1092.0,,5425.0,4.54,-0.15,0.844,0.9
K2-308 b,1,3.38628,,0.21,3.09,,0.0742,88.44,7.94,9.916,,,,6100.0,3.94,-0.1,1.24,1.09
K2-31 b,1,1.25785,0.0,0.975,0.9816,,0.135,79.9,6.05,11.88154,0.022,,,5280.0,4.6,0.08,0.78,0.91
K2-312 c,1,921.2,0.853,,,,,,,,1.961,,,5959.0,,0.255,1.22,1.18
K2-315 b,1,3.1443189,,0.565,0.821,,0.0444,88.74,25.72,0.95,,460.0,7.45,3300.0,5.094,-0.24,0.196,0.174
K2-316 b,1,1.133,,0.43,,956.9999999999999,,87.02,,1.33,0.0147,841.0,,3436.0,4.891,,0.379,0.408
K2-316 c,1,5.26,,0.4,,2480.0,,89.31,,1.83,0.0582,423.0,,3436.0,4.891,,0.379,0.408
K2-317 b,1,6.22,,0.43,,1190.0,,89.22,,2.93,0.0542,432.0,,3387.0,4.885,,0.379,0.403
K2-318 b,1,7.01,,0.4,,850.0000000000001,,89.38,,1.66,0.0911,456.0,,3851.0,4.701,,0.552,0.561
K2-319 b,1,26.68,,0.35,,830.0,,89.45,,2.79,0.1516,641.0,,5440.0,4.512,,0.898,0.954
K2-32 b,1,8.992,0.03,0.34,3.488,,0.05642,89.0,19.86,5.299,0.0795,837.0,,5271.0,4.49,-0.06,0.86,0.83
K2-32 c,1,20.66093,0.049,0.37,4.35,,0.03342,89.4,34.58,3.134,0.13843,634.0,,5271.0,4.49,-0.06,0.86,0.83
K2-32 d,1,31.71701,0.05,0.46,4.888,,0.03704,89.4,46.02,3.484,0.18422,550.0,,5271.0,4.49,-0.06,0.86,0.83
K2-32 e,1,4.34934,0.043,0.22,2.671,,0.01294,89.0,12.24,1.212,0.04899,1066.0,,5271.0,4.49,-0.06,0.86,0.83
K2-320 b,1,1.995,,0.49,,5570.000000000001,,87.84,,2.62,0.0142,698.0,,3157.0,4.55,,0.3,0.117
K2-321 b,1,2.2979749,0.44,0.47,1.1472,992.0,0.0315,86.1,10.25,2.05124347,0.02839,830.0,,3750.0,4.65,0.148,0.595,0.578
K2-322 b,1,8.205,,0.68,,709.9999999999999,,88.15,,1.92,0.0594,635.0,,4141.0,4.677,,0.602,0.63
K2-323 b,1,24.93,,0.14,,2630.0,,89.88,,2.1,0.1275,318.0,,3710.0,4.63,,0.549,0.478
K2-324 b,1,3.262,,0.42,,1990.0,,88.33,,2.43,0.0331,707.0,,3752.0,4.743,,0.505,0.517
K2-325 b,1,6.93,,0.34,,6720.0,,89.37,,2.2,0.0419,423.0,,3287.0,4.84,,0.298,0.274
K2-326 b,1,1.256,,0.48,,921.0,,85.63,,2.28,0.0198,1114.0,,3924.0,4.462,,0.688,0.507
K2-329 b,1,12.4551225,0.0697,0.364,3.621,,0.09679,89.22,26.62,8.675766,0.1016,650.0,45.7,5282.0,4.566,0.098,0.822,0.901
K2-33 b,1,5.424865,0.0,0.16,4.08,,0.0432,89.1,10.4,5.04,,,,3540.0,,,1.05,0.56
K2-330 b,1,13.774798,,0.38,4.57,,0.0169,,21.76,2.77,,969.0,,6232.0,4.18,-0.03,1.5,1.23
K2-331 b,1,9.398977,,0.43,3.92,,0.0155,,16.76,1.79,,909.0,,5994.0,4.43,0.08,1.06,1.1
K2-331 c,1,22.996591,,0.37,4.43,,0.0235,,37.87,2.72,,673.0,,5994.0,4.43,0.08,1.06,1.1
K2-332 b,1,17.70632,,0.39,2.03,,0.0707,,66.3,2.2,,266.0,,3315.0,4.97,0.09,0.28,0.27
K2-333 b,1,14.759287,,0.26,4.96,,0.0461,,23.06,6.18,,826.0,,5880.0,4.29,0.07,1.22,1.06
K2-334 b,1,5.113981,,0.38,2.46,,0.0343,,15.35,5.65,,1380.0,,6502.0,4.22,0.17,1.49,1.36
K2-335 b,1,12.283211,,0.4,4.31,,0.0151,,20.3,2.21,,949.0,,6222.0,4.28,0.1,1.33,1.23
K2-336 b,1,21.194733,,0.41,4.65,,0.014,,32.37,1.22,,569.0,,5424.0,4.56,-0.17,0.8,0.86
K2-337 b,1,16.273563,,0.38,7.64,,0.018,,15.39,2.62,,850.0,,5869.0,4.17,-0.27,1.32,0.94
K2-338 b,1,3.850614,,0.42,1.78,,0.0148,,15.13,1.03,,783.0,,4558.0,4.65,-0.23,0.63,0.66
K2-339 b,1,19.507428,,0.44,3.4,,0.0244,,40.71,1.92,,508.0,,4857.0,4.59,-0.11,0.72,0.74
K2-34 b,1,2.9956348,,0.83,,,0.0887,,6.68,13.75,0.0442,1687.0,,6168.0,4.2,0.01,1.42,1.16
K2-340 b,1,29.740451,,0.39,5.29,,0.0268,,40.8,3.36,,606.0,,5532.0,4.3,0.08,1.13,0.93
K2-341 b,1,36.552551,,0.41,6.25,,0.0251,,42.13,3.21,,598.0,,5817.0,4.3,-0.05,1.16,0.98
K2-342 b,1,11.561052,,0.42,3.73,,0.0155,,21.96,2.03,,861.0,,5920.0,4.36,-0.06,1.09,1.01
K2-343 b,1,2.787174,,0.48,1.46,,0.0329,,13.47,1.65,,653.0,,3804.0,4.8,-0.1,0.46,0.49
K2-343 c,1,7.676972,,0.36,2.2,,0.0402,,26.11,2.02,,465.0,,3804.0,4.8,-0.1,0.46,0.49
K2-344 b,1,3.35585,,0.41,1.76,,0.0295,,13.79,1.59,,722.0,,4374.0,4.76,-0.95,0.49,0.51
K2-345 b,1,10.367437,,0.43,2.08,,0.0367,,36.12,2.11,,437.0,,3779.0,4.74,0.26,0.52,0.56
K2-346 b,1,26.201446,,0.42,3.33,,0.0297,,56.68,2.26,,450.0,,4801.0,4.6,-0.18,0.7,0.71
K2-347 b,1,7.187257,,0.21,2.57,,0.0335,,21.52,2.41,,640.0,,4599.0,4.65,-0.26,0.63,0.66
K2-348 b,1,4.688418,,0.39,2.75,,0.035,,12.55,3.26,,908.0,,5077.0,4.5,0.13,0.85,0.83
K2-348 c,1,12.550171,,0.43,3.68,,0.0287,,24.47,2.67,,655.0,,5077.0,4.5,0.13,0.85,0.83
K2-349 b,1,9.032178,,0.4,3.25,,0.0255,,19.99,1.38,,518.0,,4385.0,4.78,-0.66,0.49,0.54
K2-35 b,1,2.399964,0.13,,,,0.01949,88.98,10.53,1.32,0.031,,211.0,4402.71,,,0.619575,0.701968
K2-35 c,1,5.608352,0.12,,,,0.028494,88.58,19.1,1.93,0.055,,68.0,4402.71,,,0.619575,0.701968
K2-350 b,1,4.163873,,0.41,2.75,,0.0135,,10.68,1.54,,1158.0,,5789.0,4.39,-0.02,1.04,0.98
K2-350 c,1,19.991944,,0.45,4.94,,0.0239,,28.71,2.74,,687.0,,5789.0,4.39,-0.02,1.04,0.98
K2-351 b,1,7.806164,,0.39,2.78,,0.0221,,20.2,2.54,,934.0,,5769.0,4.4,0.08,1.05,1.02
K2-352 b,1,3.665912,,0.42,1.63,,0.0132,,15.66,1.37,,1160.0,,5791.0,4.47,-0.05,0.95,0.98
K2-352 c,1,8.234885,,0.41,3.59,,0.0185,,16.35,1.92,,885.0,,5791.0,4.47,-0.05,0.95,0.98
K2-352 d,1,14.871387,,0.39,4.14,,0.0214,,25.94,2.23,,727.0,,5791.0,4.47,-0.05,0.95,0.98
K2-354 b,1,3.793306,,0.24,1.53,,0.0353,,19.05,1.56,,543.0,,3669.0,4.86,-0.04,0.41,0.43
K2-355 b,1,5.7385647,,0.43,,,0.0223,,14.85,2.25,0.0632,1066.0,,5790.0,4.49,-0.12,0.92,0.96
K2-356 b,1,21.0267366,,0.36,,,0.0244,,40.15,2.29,0.1599,624.0,,5568.0,4.52,-0.11,0.86,0.9
K2-357 b,1,16.3488637,,0.35,,,0.034,,31.62,3.72,0.145,735.0,,5794.0,4.43,-0.02,1.0,0.98
K2-358 b,1,11.2510285,,0.35,,,0.0269,,20.61,2.68,0.0863,888.0,,5650.0,4.49,-0.07,0.91,0.93
K2-36 b,1,1.422614,0.093,,,,,84.45,,1.43,0.02288,1328.0,519.0,4916.0,,,0.718,0.79
K2-36 c,1,5.340888,0.089,,,,,86.917,,3.2,0.05528,854.0,89.0,4916.0,,,0.718,0.79
K2-360 c,1,9.79692,0.11,,,,,,,,0.0883,912.0,115.0,5679.0,4.435,0.01,0.98,0.958
K2-365 b,1,23.448172,,0.328,,,0.0253,,30.65,2.906,,,,5561.0,4.313,-0.021,1.051,0.823
K2-366 b,1,15.937039,,0.718,,,0.0228,,27.63,2.359,,,,5601.0,4.406,-0.216,0.94,0.825
K2-367 b,1,20.645099,,0.83,,,0.0353,,45.05,2.413,,,,4348.0,4.726,-0.351,0.625,0.756
K2-368 b,1,5.025598,,0.272,,,0.0184,,16.2,1.332,,,,4663.0,4.667,-0.25,0.663,0.746
K2-368 c,1,9.660186,,0.306,,,0.0188,,25.98,1.361,,,,4663.0,4.667,-0.25,0.663,0.746
K2-368 d,1,20.201085,,0.287,,,0.0269,,42.92,1.948,,,,4663.0,4.667,-0.25,0.663,0.746
K2-369 b,1,5.761612,,0.727,,,0.0137,,14.31,1.313,,,,5682.0,4.418,-0.234,0.881,0.735
K2-37 b,1,4.4434,,,,,,,,1.39,,949.0,193.0,5352.0,4.53,-0.08,0.809,0.84
K2-37 c,1,6.42966,,,,,,,,2.41,,839.0,118.0,5352.0,4.53,-0.08,0.809,0.84
K2-37 d,1,14.09229,,,,,,,,2.31,,646.0,41.3,5352.0,4.53,-0.08,0.809,0.84
K2-370 b,1,2.14084,,0.941,,,0.0302,,3.66,3.207,,,,5377.0,4.454,0.018,0.971,0.984
K2-371 b,1,3.114905,,0.666,,,0.1619,,8.64,13.024,,,,4925.0,4.683,-0.107,0.736,0.958
K2-372 b,1,9.844077,,0.337,,,0.0292,,20.01,2.945,,,,5479.0,4.437,-0.064,0.922,0.847
K2-373 b,1,11.02066,,0.666,,,0.0127,,15.29,2.061,,,,6138.0,4.156,0.049,1.486,1.158
K2-374 b,1,4.521953,,0.235,,,0.0161,,11.44,1.593,,,,5789.0,4.386,-0.292,0.907,0.731
K2-374 c,1,16.43445,,0.649,,,0.0223,,27.11,2.213,,,,5789.0,4.386,-0.292,0.907,0.731
K2-375 b,1,14.453895,,0.284,,,0.0133,,16.9,2.243,,,,5822.0,4.107,-0.091,1.543,1.119
K2-376 b,1,5.776475,,0.854,,,0.0138,,11.58,1.736,,,,5937.0,4.275,-0.176,1.149,0.908
K2-377 b,1,12.832235,,0.262,,,0.0224,,30.04,1.693,,,,4200.0,4.673,-0.008,0.691,0.821
K2-378 b,1,2.060438,,0.402,,,0.036,,9.52,2.88,,,,4823.0,4.674,-0.206,0.732,0.923
K2-379 b,1,8.777247,,0.481,,,0.0266,,34.56,2.181,,,,4603.0,4.615,-0.045,0.751,0.856
K2-38 b,1,4.01593,0.197,,,,0.0133,88.36,10.13,1.54,0.04994,1266.0,426.0,5731.0,4.38,0.26,1.06,1.03
K2-38 c,1,10.56103,0.161,,,,0.02,87.68,19.3,2.29,0.09514,916.0,117.0,5731.0,4.38,0.26,1.06,1.03
K2-380 b,1,9.401312,,0.883,,,0.0189,,15.19,2.729,,,,5911.0,4.194,-0.049,1.32,0.993
K2-381 b,1,7.9389334,,0.505,,,0.0146,,31.05,1.075,,,,4473.0,4.653,-0.244,0.675,0.754
K2-381 c,1,16.034656,,0.338,,,0.0271,,39.39,2.0,,,,4473.0,4.653,-0.244,0.675,0.754
K2-381 d,1,26.803023,,0.497,,,0.0229,,59.43,1.689,,,,4473.0,4.653,-0.244,0.675,0.754
K2-382 b,1,21.700156,,0.346,,,0.0234,,40.81,2.072,,,,5452.0,4.585,-0.027,0.811,0.922
K2-383 b,1,1.865962,,0.268,,,0.0178,,7.77,1.564,,,,5129.0,4.655,0.187,0.804,1.061
K2-384 b,1,2.231527,,0.517,,,0.0284,,16.59,1.076,,,,3623.0,4.874,0.068,0.348,0.33
K2-384 c,1,4.194766,,0.446,,,0.0314,,24.63,1.191,,,,3623.0,4.874,0.068,0.348,0.33
K2-384 d,1,6.679582,,0.367,,,0.0367,,27.93,1.392,,,,3623.0,4.874,0.068,0.348,0.33
K2-384 e,1,9.715043,,0.471,,,0.0354,,38.39,1.345,,,,3623.0,4.874,0.068,0.348,0.33
K2-384 f,1,13.62749,,0.467,,,0.0585,,47.7,2.222,,,,3623.0,4.874,0.068,0.348,0.33
K2-385 b,1,2.380867,,0.361,,,0.0185,,10.07,1.539,,,,4844.0,4.64,-0.224,0.761,0.927
K2-386 b,1,7.473223,,0.246,,,0.0219,,16.23,2.32,,,,5749.0,4.424,0.074,0.97,0.911
K2-387 b,1,28.735327,,0.711,,,0.1146,,55.42,7.322,,,,3572.0,4.66,0.126,0.585,0.57
K2-388 b,1,6.33932,,,,,,,,3.9,,874.0,138.0,5310.0,4.42,0.24,0.91,0.93
K2-389 b,1,8.58289,,,,,,,,2.33,,932.0,179.0,5773.0,4.31,0.038,1.094,0.99
K2-389 c,1,20.851337,,0.399,,,0.0172,,28.9,2.04,,,,5782.0,4.273,-0.034,1.084,0.802
K2-39 b,1,4.60543,0.0,,,370.0,,80.39,3.41,6.27704,,,,4881.0,3.44,0.32,2.97,0.66
K2-390 b,1,3.312792,,0.893,,,0.0442,,5.51,4.662,,,,5558.0,4.368,-0.116,0.966,0.789
K2-391 b,1,4.622654,,0.434,,,0.0222,,11.92,1.371,,,,5543.0,4.973,-0.543,0.566,0.757
K2-392 b,1,15.398723,,0.711,,,0.016,,24.32,1.85,,,,5726.0,4.314,-0.238,1.058,0.841
K2-393 b,1,10.413181,,0.803,,,0.0201,,18.38,2.352,,,,5678.0,4.321,0.076,1.071,0.881
K2-394 b,1,5.095717,,0.636,,,0.0245,,15.96,1.692,,,,4938.0,4.515,-0.388,0.631,0.478
K2-395 b,1,4.803352,,0.25,,,0.0304,,14.44,2.597,,,,5007.0,4.628,-0.033,0.783,0.952
K2-395 c,1,8.491282,,0.677,,,0.0397,,22.43,3.395,,,,5007.0,4.628,-0.033,0.783,0.952
K2-396 b,1,0.673862,,0.266,,,0.0157,,3.29,1.579,,,,5236.0,4.488,0.237,0.92,0.954
K2-396 c,1,25.76051,,0.475,,,0.0311,,39.31,3.124,,,,5236.0,4.488,0.237,0.92,0.954
K2-397 b,1,3.572326,,0.892,,,0.0229,,10.11,2.417,,,,5387.0,4.435,0.11,0.966,0.937
K2-398 b,1,6.393025,,0.523,,,0.0168,,11.59,2.274,,,,5946.0,4.227,-0.257,1.239,0.945
K2-398 c,1,18.787839,,0.701,,,0.0377,,23.55,5.098,,,,5946.0,4.227,-0.257,1.239,0.945
K2-399 b,0,0.759978,,0.974,,,0.0359,,1.89,6.049,,,,5690.0,3.956,0.252,1.541,0.783
K2-4 b,1,10.003417,0.08,,,,0.033752,89.54,27.68,2.1,0.078,,15.6,4014.73,,,0.569359,0.635026
K2-400 b,1,3.865053,,0.208,,,0.0279,,19.12,1.163,,,,3578.0,4.847,-0.051,0.382,0.374
K2-401 b,1,6.293099,,0.621,,,0.0306,,20.97,2.262,,,,4213.0,4.719,-0.098,0.675,0.87
K2-402 b,1,17.27474,,0.468,,,0.0192,,23.11,2.678,,,,5716.0,4.197,-0.378,1.28,0.944
K2-403 b,1,33.589979,,0.723,,,0.0551,,39.87,5.333,,,,5511.0,4.439,-0.162,0.886,0.784
K2-404 b,1,13.115365,,0.481,,,0.042,,34.74,2.53,,,,3748.0,4.695,0.005,0.552,0.552
K2-405 b,1,3.435471,,0.871,,,0.0548,,6.33,4.569,,,,4927.0,4.685,0.132,0.765,1.034
K2-406 b,1,22.549406,,0.544,,,0.0439,,32.15,4.602,,,,5784.0,4.374,-0.038,0.961,0.798
K2-407 b,1,4.941907,,0.309,,,0.0127,,12.77,1.283,,,,5563.0,4.45,0.014,0.927,0.881
K2-407 c,1,9.22453,,0.259,,,0.0134,,18.76,1.36,,,,5563.0,4.45,0.014,0.927,0.881
K2-408 b,1,20.978959,,0.213,,,0.0196,,36.24,1.677,,,,5335.0,4.559,-0.171,0.784,0.813
K2-409 b,1,1.908084,,0.418,,,0.0185,,5.32,2.482,,,,5742.0,4.204,-0.036,1.228,0.886
K2-411 b,1,3.2141,,,,,,90.0008,,0.9898,0.0511,,619.038,5711.0,4.1693,0.1415,1.375,1.018
K2-412 b,1,5.9382,,,,,,89.998,,2.116,0.0586,,243.518,5590.0,4.412,0.014,0.977,0.893
K2-413 b,1,0.8094,,,,,,89.9518,,0.7599,0.0117,,921.755,4116.0,4.656,-0.205,0.7,0.808
K2-413 c,1,5.3301,,,,,,89.9985,,1.2327,0.0426,,69.529,4116.0,4.656,-0.205,0.7,0.808
K2-414 b,1,4.3696,,,,,,90.0045,,1.219,0.0487,,72.113,4343.0,4.621,-0.102,0.732,0.814
K2-414 c,1,6.669,,,,,,89.9973,,1.9287,0.0552,,56.13,4343.0,4.621,-0.102,0.732,0.814
K2-415 b,1,4.0179694,,0.37,,,0.0472,89.32,29.63,1.015,0.027,412.4,4.82,3173.0,5.066,-0.13,0.1965,0.1635
K2-416 b,1,13.102,,0.45,2.77,,0.044,89.25,34.2,2.66,0.088,447.0,,3746.0,4.691,,0.554,0.548
K2-417 b,1,6.535,,0.41,2.07,,0.0525,89.0,23.4,3.31,0.063,558.0,,3861.0,4.67,,0.5776,0.569
K2-419 A b,1,20.35847252,0.042,0.389,3.574,,0.1805,89.54,48.46,10.55,0.1208,377.0,3.3,3711.0,4.74,-0.11,0.541,0.562
K2-42 b,1,6.68796,,,3.04,,0.0304,,,2.15,0.0617,,44.1,4613.0,4.659,,0.643,0.702
K2-43 b,1,3.471149,,0.11,,,0.04298,89.6,8.0,4.51,,939.3,,3840.6,,,0.542,0.571
K2-43 c,1,2.198884,,0.14,,,0.02319,89.26,5.9,2.42,,1093.7,,3840.6,,,0.542,0.571
K2-44 b,1,5.657,,0.29,,,0.0141,87.9933,,2.433,0.06,,,5912.0,4.101,0.0,1.58,1.15
K2-45 b,1,1.7292684,,,1.689,,0.1376,,,6.71,0.0224,,100.0,4103.0,4.824,,0.445,0.503
K2-46 b,1,19.1541,,,6.73,,0.0145,,,2.05,0.13821,,119.0,6256.0,4.198,,1.29,0.96
K2-47 b,1,31.6372,,,4.0,,0.0229,,,1.89,0.1779,,10.7,5054.0,4.544,,0.76,0.75
K2-48 b,1,20.5065,,,3.01,,0.028,,,2.24,0.1344,,15.3,4899.0,4.603,,0.73,0.77
K2-49 b,1,2.77065,,,2.307,,0.0383,,,1.93,0.0309,,59.0,4175.0,4.81,,0.45,0.51
K2-5 b,1,5.73594,,0.65,2.654,,0.03031,87.35,14.0,1.91,0.0532,565.0,24.1,3930.0,4.71,-0.33,0.57,0.61
K2-5 c,1,10.93241,,0.83,3.498,,0.03601,86.95,15.6,2.26,0.0818,456.0,10.2,3930.0,4.71,-0.33,0.57,0.61
K2-50 b,1,8.7529,,,2.68,,0.0264,,,1.59,0.0705,,18.8,4326.0,4.742,,0.546,0.611
K2-51 b,0,13.00819,,,5.3952,12279.0,0.1047,,19.1,20.1,,,,,,,1.76,
K2-52 b,1,3.535055,,0.32,5.328,,0.075,86.46,5.2,18.0,0.054,2004.0,,7147.0,3.979,0.055,2.192,1.691
K2-53 b,1,12.20772,,0.31,3.48,,0.03,89.32,26.3,2.6,0.098,665.0,,5263.0,4.555,-0.037,0.807,0.851
K2-54 b,1,9.7833,0.24,0.37,2.7888,1390.0000000000002,0.0373,89.08,25.4,2.6116925,0.0761,560.0,,3990.0,4.61,-0.02,0.643,0.615
K2-55 b,1,2.849271,,,,,,,,4.43,,900.0,141.3,4300.0,4.566,0.376,0.715,0.688
K2-57 b,1,9.0073,0.25,0.39,2.58,990.0,0.0315,88.95,24.09,2.30905002,0.0752,635.8,,4413.0,4.629,0.08,0.671,0.699
K2-58 b,1,7.05254,,,1.899,,0.028,,,2.68,0.0692,,118.0,5413.0,4.522,,0.86,0.89
K2-58 c,1,2.53726,,,1.996,,0.0169,,,1.62,0.035,,462.0,5413.0,4.522,,0.86,0.89
K2-58 d,1,22.8827,,,3.2,,0.018,,,1.71,0.1517,,24.6,5413.0,4.522,,0.86,0.89
K2-59 b,1,20.6921,,,2.76,,0.0299,,,2.41,0.1354,,17.1,5055.0,4.592,,0.731,0.774
K2-59 c,1,11.2954,,,1.75,,0.0286,,,2.3,0.0905,,38.3,5055.0,4.592,,0.731,0.774
K2-6 b,1,30.94191,,,,680.0,,,50.27,2.5,0.1898,615.0,,5850.0,,-0.14,0.96,0.97
K2-60 b,1,3.00265,0.0,0.21,3.08,,0.063,88.49,7.78,7.655747,0.045,1400.0,,5500.0,4.07,0.01,1.12,0.97
K2-61 b,1,2.57336,,,,,,,,1.92,,1325.0,730.0,5748.0,4.38,0.03,0.995,0.97
K2-62 b,1,6.67199,,,,,,,,2.02,,666.0,46.7,4455.0,4.57,-0.1,0.696,0.67
K2-62 c,1,16.19697,,,,,,,,1.99,,495.0,14.3,4455.0,4.57,-0.1,0.696,0.67
K2-63 b,1,20.257,,,5.49,,0.018,,,3.22,0.1627,,188.0,6771.0,4.15,,1.63,1.4
K2-63 c,1,25.4556,,,4.24,,0.0219,,,3.9,0.189,,139.0,6771.0,4.15,,1.63,1.4
K2-64 b,1,6.53044,,,3.06,,0.0259,,,2.07,0.0619,,98.0,5312.0,4.576,,0.726,0.741
K2-65 b,1,12.6475,,,3.43,,0.0173,,,1.58,0.1014,,45.0,5213.0,4.533,,0.84,0.87
K2-66 b,1,5.06963,0.0,0.47,4.71,,0.01353,86.6,7.874,2.49,0.05983,1372.0,840.0,5887.0,4.03,-0.047,1.67,1.11
K2-67 b,0,24.38752,,,6.0288,23710.0,0.1438,,34.68,22.4,,,,,,,1.43,
K2-68 b,1,8.05428,,,2.72,,0.0211,,,1.58,0.0708,,41.0,4746.0,4.632,,0.675,0.73
K2-69 b,1,7.06599,,,1.62,,0.0428,,,2.32,0.0591,,17.9,4127.0,4.786,,0.491,0.551
K2-7 b,1,28.6781,0.24,0.37,7.5816,580.0,0.02408,89.08,26.3,4.03523305,0.1867,786.0,,5700.0,4.092,0.049,1.533,1.056
K2-70 b,1,13.97896,,,3.52,,0.0281,,,2.89,0.1112,,62.0,5622.0,4.478,,0.93,0.94
K2-71 b,1,6.98541,,,1.41,,0.0457,,,2.15,0.0559,,13.4,4006.0,4.852,,0.426,0.477
K2-72 b,1,5.577212,0.11,,,,0.029949,89.15,24.16,1.08,0.04,,8.5,3360.47,,,0.330989,0.271365
K2-72 c,1,15.189034,0.11,,,,0.032263,89.54,47.82,1.16,0.078,,2.2,3360.47,,,0.330989,0.271365
K2-72 d,1,7.760178,0.11,,,,0.027863,89.26,29.91,1.01,0.05,,5.4,3360.47,,,0.330989,0.271365
K2-72 e,1,24.158868,0.11,,,,0.035758,89.68,64.53,1.29,0.106,,1.2,3360.47,,,0.330989,0.271365
K2-73 b,1,7.49556,,,,,,,,2.58,,968.0,209.0,5867.0,4.39,0.04,1.058,1.02
K2-74 b,1,19.5666,,,5.12,,0.0215,,,2.31,0.1402,,59.1,6060.0,4.444,,0.98,0.96
K2-75 b,1,7.8142,,,5.48,,0.0156,,,2.67,0.081,,430.0,5995.0,4.118,,1.56,1.16
K2-75 c,1,18.311,,,6.42,,0.0162,,,2.77,0.1429,,138.0,5995.0,4.118,,1.56,1.16
K2-76 b,0,11.98934,,,5.6856,7257.0,0.07846,,17.13,14.77,,,,,,,1.726,
K2-77 b,1,8.2000844,0.29,0.55,2.544,830.9999999999999,0.0288,88.33,20.46,2.4996027,0.0753,806.0,,5160.0,4.569,0.13,0.792,0.847
K2-78 b,0,2.29016,,,2.8896,,0.0145,,,1.42,,,,,,,,
K2-79 b,1,10.9947,0.23,,,,,88.44,,4.09,0.0988,1022.0,181.0,5897.0,,0.035,1.265,1.066
K2-8 b,1,10.35239,,0.88,3.362,,0.04457,86.42,14.1,3.58,0.0856,631.0,37.7,4870.0,4.52,-0.02,0.74,0.78
K2-8 c,1,5.06416,,0.78,2.08,,0.0299,86.7,13.5,2.41,0.0532,801.0,97.8,4870.0,4.52,-0.02,0.74,0.78
K2-80 b,1,19.0918,,,4.46,,0.021,,,2.01,0.135,,32.5,5441.0,4.519,,0.87,0.9
K2-80 c,1,5.605,,,2.68,,0.0154,,,1.47,0.0596,,166.0,5441.0,4.519,,0.87,0.9
K2-80 d,1,28.867253,,,,,0.027806,89.39678,45.619404,2.55211506,,,,5377.0,4.65,0.07,0.841458,0.913111
K2-81 b,1,6.102325,0.06,,,,0.028504,89.29,19.77,1.97,0.059,,62.9,4674.13,,,0.634663,0.745273
K2-82 b,0,7.195834,,,2.21688,,0.1398,,,2.6,,,,,,,,
K2-83 b,1,2.74697,,,1.664,,0.0268,,,1.244,0.03014,,41.5,3910.0,4.863,,0.424,0.484
K2-83 c,1,9.99767,,,2.77,,0.0319,,,1.483,0.07131,,7.42,3910.0,4.863,,0.424,0.484
K2-84 b,1,6.4215,,,2.81,,0.0234,,,2.41,0.0665,,178.0,5652.0,4.481,,0.93,0.95
K2-84 c,1,27.86,,,4.61,,0.0198,,,2.03,0.1768,,25.3,5652.0,4.481,,0.93,0.95
K2-85 b,1,0.68453862616,,,,,,,,1.4,,1355.0,800.0,4232.0,4.44,0.14,0.71,0.7
K2-86 b,1,8.77683,,,2.75,,0.0234,,,1.96,0.077,,78.0,5482.0,4.579,,0.76,0.79
K2-87 b,1,9.726618,,0.57,4.56,,0.05,87.74,14.4,7.6,0.094,979.0,,5747.0,4.208,0.328,1.401,1.164
K2-88 b,1,4.6122,,,1.039,,0.0436,,,1.23,0.0345,,7.8,3537.0,5.022,,0.256,0.258
K2-89 b,1,1.096026,,,0.895,,0.0176,,,0.615,0.01462,,78.0,3691.0,4.965,,0.318,0.347
K2-9 b,1,18.4498,,0.9261,2.8397,,0.06669,87.983,26.3,2.25,0.091,314.0,1.36,3390.0,,-0.25,0.31,0.3
K2-90 b,1,13.733314,,0.44,2.952,,0.038,89.24,33.4,2.6,0.096,502.0,,4484.0,4.653,-0.225,0.619,0.629
K2-90 c,1,2.900706,0.19,,,,0.018733,86.94,12.02,1.3,0.035,,80.8,4421.98,,,0.634754,0.704613
K2-91 b,1,1.419549,,,0.945,,0.0352,,,1.1,0.0164,,46.0,3622.0,5.0,,0.284,0.292
K2-92 b,0,0.701818,,,1.5312,,0.0168,,,2.56,,,,,,,,
K2-95 b,1,10.1346454,,0.46,,,0.0756,,28.28,3.31,0.0525,474.0,,3566.0,4.85,0.1,0.4,0.41
K2-97 b,1,8.407115,0.207,0.895,6.2712,891.0,0.0298,75.5,4.44,13.45077684,0.0854,1566.0,,4673.0,3.276,0.328,4.14,1.17
K2-98 b,1,10.1367349,0.119,0.37,5.1216,930.0,0.03049,88.39,13.94,5.06645928,0.0986,1185.0,,6260.0,4.169,-0.044,1.518,1.246
K2-99 b,1,18.24783,0.22,0.34,11.1,,0.0426,88.6,13.1,11.88151954,0.153,1184.0,,6069.0,3.783,0.2,2.55,1.44
Qatar-2 b,1,1.33711647,0.0,,,,0.1659,86.12,,14.056,0.02153,1344.0,,4645.0,4.53,0.02,0.776,0.743
TRAPPIST-1 b,1,1.510826,,0.095,0.601,7378.0,0.0859,89.728,20.843,1.116,0.01154,,4.153,2566.0,5.2396,,0.1192,0.0898
TRAPPIST-1 c,1,2.421937,,0.109,0.7005,7123.0,0.0844,89.778,28.549,1.097,0.0158,,2.214,2566.0,5.2396,,0.1192,0.0898
TRAPPIST-1 d,1,4.049219,,0.063,0.8145,3676.0,0.06063,89.896,40.216,0.788,0.02227,,1.115,2566.0,5.2396,,0.1192,0.0898
TRAPPIST-1 e,1,6.101013,,0.191,0.9293,5012.0,0.07079,89.793,52.855,0.92,0.02925,,0.646,2566.0,5.2396,,0.1192,0.0898
TRAPPIST-1 f,1,9.20754,,0.312,1.048,6465.0,0.0804,89.74,69.543,1.045,0.03849,,0.373,2566.0,5.2396,,0.1192,0.0898
TRAPPIST-1 g,1,12.352446,,0.379,1.137,7554.999999999999,0.08692,89.742,84.591,1.129,0.04683,,0.252,2566.0,5.2396,,0.1192,0.0898
TRAPPIST-1 h,1,18.772866,,0.378,1.269,3375.0,0.05809,89.805,111.817,0.755,0.06189,,0.144,2566.0,5.2396,,0.1192,0.0898
V1298 Tau b,1,24.140006,0.0079,0.26,6.45,,0.0661,,,9.41,0.1685,666.0,,4970.0,,,1.32,1.1
V1298 Tau c,1,8.249164,0.0094,0.36,4.89,,0.0356,,,5.08,0.0824,953.0,,4970.0,,,1.32,1.1
V1298 Tau d,1,12.401394,0.0087,0.21,5.57,,0.0458,,,6.53,0.1081,831.0,,4970.0,,,1.32,1.1
V1298 Tau e,1,48.677714,0.0124,0.61,7.56,,0.0716,,,10.17,0.2689,527.0,,4970.0,,,1.32,1.1
WASP-107 b,1,5.7214742,0.06,,,,,,,,,,,4425.0,4.633,0.02,0.67,0.683
WASP-107 c,1,1088.0,0.28,,,,,,,,,,,4425.0,4.633,0.02,0.67,0.683
WASP-118 b,1,4.0460435,0.0,0.16,4.8048,7550.0,,88.7,6.92,16.14096,0.05453,1729.0,,6410.0,4.1,0.16,1.696,1.32
WASP-151 b,1,,,,,,,,,,,,,,,,,
WASP-157 b,1,,,,,,,,,,,,,,,,,
WASP-28 b,1,,,,,,,,,,,,,,,,,
WASP-47 b,1,4.159151,0.0006,,,,,89.0,,12.86,,,,,,,1.156,1.058
WASP-47 c,1,589.57,0.264,,,,,90.0,,,,,,,,,1.156,1.058
WASP-47 d,1,9.030501,0.001,,,,,89.23,,3.65,,,,,,,1.156,1.058
WASP-47 e,1,0.78961,0.0,,,,,86.73,,1.83,,,,,,,1.156,1.058
WASP-55 b,1,4.465631,,0.235,,,,88.74,10.66,14.72860064,,1342.0,504.0,6096.0,4.393,-0.03,1.09,1.071
WASP-75 b,1,2.484193,0.0,0.882,1.9728,10700.0,,82.0,,14.235,0.0375,1710.0,,6100.0,4.29,0.07,1.26,1.14
WASP-85 A b,1,,,,,,,,,,,,,,,,,
Wolf 503 b,1,6.00127,0.41,0.65,1.33,,0.02791,,,2.043,0.05706,790.0,,4716.0,4.62,-0.47,0.689,0.688
